id,name,doi,paragraph,authors,language,candidate_urls,synonyms,metadata_name,metadata_authors,metadata_description,metadata_language,name_metric,author_metric,paragraph_metric,language_metric,synonym_metric,prediction
1,ABBYY,10.1109/JTEHM.2019.2935451,"Four different OCR Engines that can be implemented via an API were evaluated to determine the accuracy and usability of each engine: Google Machine Learning Kit (ML Kit) [26], Microsoft Azure’s Cognitive Services (Azure OCR) [27], ABBYY’s Real Time Recognition SDK (ABBY RTR) [28], and Amazon’s Rekognition SDK (Rekognition) [29]","Shrinivas Pundlik,Anikait Singh,Gautam Baghel,Vilte Baliutaviciute,Gang Luo",,https://github.com/abbyy/RTR-SDK.Android,ABBYY OCR,RTR-SDK.Android,ABBYY,Samples for ABBYY Mobile Capture SDK for Android,Java,0.0,0.5466666666666667,0.41810518503189087,,0.39999999999999997,0
2,ABBYY,10.1109/JTEHM.2019.2935451,"Four different OCR Engines that can be implemented via an API were evaluated to determine the accuracy and usability of each engine: Google Machine Learning Kit (ML Kit) [26], Microsoft Azure’s Cognitive Services (Azure OCR) [27], ABBYY’s Real Time Recognition SDK (ABBY RTR) [28], and Amazon’s Rekognition SDK (Rekognition) [29]","Shrinivas Pundlik,Anikait Singh,Gautam Baghel,Vilte Baliutaviciute,Gang Luo",,https://github.com/abbyy/barcode_detection_benchmark,ABBYY OCR,barcode_detection_benchmark,ABBYY,"Code for paper """"New Benchmarks for Barcode Detection using both Synthetic and Real Data"""" https://link.springer.com/chapter/10.1007%2F978-3-030-57058-3_34",Python,0.32469135802469135,0.5466666666666667,0.3949032425880432,,0.4469135802469135,0
3,ABBYY,10.1109/JTEHM.2019.2935451,"Four different OCR Engines that can be implemented via an API were evaluated to determine the accuracy and usability of each engine: Google Machine Learning Kit (ML Kit) [26], Microsoft Azure’s Cognitive Services (Azure OCR) [27], ABBYY’s Real Time Recognition SDK (ABBY RTR) [28], and Amazon’s Rekognition SDK (Rekognition) [29]","Shrinivas Pundlik,Anikait Singh,Gautam Baghel,Vilte Baliutaviciute,Gang Luo",,https://github.com/gojiplus/abbyyR,ABBYY OCR,abbyyR,goji+,R Client for the Abbyy Cloud OCR,HTML,0.9666666666666667,0.3422222222222222,0.5444647073745728,,0.9333333333333333,0
4,ABBYY,10.1109/JTEHM.2019.2935451,"Four different OCR Engines that can be implemented via an API were evaluated to determine the accuracy and usability of each engine: Google Machine Learning Kit (ML Kit) [26], Microsoft Azure’s Cognitive Services (Azure OCR) [27], ABBYY’s Real Time Recognition SDK (ABBY RTR) [28], and Amazon’s Rekognition SDK (Rekognition) [29]","Shrinivas Pundlik,Anikait Singh,Gautam Baghel,Vilte Baliutaviciute,Gang Luo",,https://github.com/dannguyen/abbyy-finereader-ocr-senate,ABBYY OCR,abbyy-finereader-ocr-senate,Dan Nguyen,Evaluating the performance and accuracy of ABBYY FineReader's OCR on Senate Financial Disclosure scanned forms,CSS,0.837037037037037,0.5977777777777779,0.4752652049064636,,0.8444444444444446,0
5,ABBYY,10.1109/JTEHM.2019.2935451,"Four different OCR Engines that can be implemented via an API were evaluated to determine the accuracy and usability of each engine: Google Machine Learning Kit (ML Kit) [26], Microsoft Azure’s Cognitive Services (Azure OCR) [27], ABBYY’s Real Time Recognition SDK (ABBY RTR) [28], and Amazon’s Rekognition SDK (Rekognition) [29]","Shrinivas Pundlik,Anikait Singh,Gautam Baghel,Vilte Baliutaviciute,Gang Luo",,https://pypi.org/project/ABBYY/,ABBYY OCR,ABBYY,Samuel Cossette,ABBYY Cloud OCR API Wrapper.,Python,1.0,0.5144444444444445,0.6620863676071167,,0.9111111111111111,1
6,ABBYY,10.1109/JTEHM.2019.2935451,"Four different OCR Engines that can be implemented via an API were evaluated to determine the accuracy and usability of each engine: Google Machine Learning Kit (ML Kit) [26], Microsoft Azure’s Cognitive Services (Azure OCR) [27], ABBYY’s Real Time Recognition SDK (ABBY RTR) [28], and Amazon’s Rekognition SDK (Rekognition) [29]","Shrinivas Pundlik,Anikait Singh,Gautam Baghel,Vilte Baliutaviciute,Gang Luo",,https://github.com/samueltc/ABBYY,ABBYY OCR,ABBYY,Samuel Cossette,Simple Python wrapper for ABBYY Cloud OCR,Python,1.0,0.5144444444444445,0.534880518913269,,0.9111111111111111,1
7,ABBYY,10.1109/JTEHM.2019.2935451,"Four different OCR Engines that can be implemented via an API were evaluated to determine the accuracy and usability of each engine: Google Machine Learning Kit (ML Kit) [26], Microsoft Azure’s Cognitive Services (Azure OCR) [27], ABBYY’s Real Time Recognition SDK (ABBY RTR) [28], and Amazon’s Rekognition SDK (Rekognition) [29]","Shrinivas Pundlik,Anikait Singh,Gautam Baghel,Vilte Baliutaviciute,Gang Luo",,https://cran.r-project.org/package=GABB,ABBYY OCR,GABB,Gregoire Bianchetti,"Help to the occasional R user for synthesis and enhanced graphical visualization of redundancy analysis (RDA) and principal component analysis (PCA) methods and objects. Inputs are : data frame, RDA (package 'vegan') and PCA (package 'FactoMineR') objects. Outputs are : synthesized results of RDA, displayed in console and saved in tables ; displayed and saved objects of PCA graphic visualization of individuals and variables projections with multiple graphic parameters.",R,0.7833333333333333,0.5601461988304094,0.10897848010063171,,0.6944444444444443,0
8,ABBYY,10.1109/JTEHM.2019.2935451,"Four different OCR Engines that can be implemented via an API were evaluated to determine the accuracy and usability of each engine: Google Machine Learning Kit (ML Kit) [26], Microsoft Azure’s Cognitive Services (Azure OCR) [27], ABBYY’s Real Time Recognition SDK (ABBY RTR) [28], and Amazon’s Rekognition SDK (Rekognition) [29]","Shrinivas Pundlik,Anikait Singh,Gautam Baghel,Vilte Baliutaviciute,Gang Luo",,https://github.com/abbyy/ocrsdk.com,ABBYY OCR,ocrsdk.com,ABBYY,ABBYY Cloud OCR SDK,Java,0.0,0.5466666666666667,0.6433528661727905,,0.4333333333333333,0
