name,doi,paragraph,synonyms,language,authors,candidate_urls,id,metadata_name,metadata_authors,metadata_description,metadata_language
ABBYY,10.1109/JTEHM.2019.2935451,"Four different OCR Engines that can be implemented via an API were evaluated to determine the accuracy and usability of each engine: Google Machine Learning Kit (ML Kit) [26], Microsoft Azure’s Cognitive Services (Azure OCR) [27], ABBYY’s Real Time Recognition SDK (ABBY RTR) [28], and Amazon’s Rekognition SDK (Rekognition) [29]",ABBYY OCR,,"Shrinivas Pundlik,Anikait Singh,Gautam Baghel,Vilte Baliutaviciute,Gang Luo",https://github.com/abbyy/RTR-SDK.Android,1,RTR-SDK.Android,ABBYY,Samples for ABBYY Mobile Capture SDK for Android,Java
ABBYY,10.1109/JTEHM.2019.2935451,"Four different OCR Engines that can be implemented via an API were evaluated to determine the accuracy and usability of each engine: Google Machine Learning Kit (ML Kit) [26], Microsoft Azure’s Cognitive Services (Azure OCR) [27], ABBYY’s Real Time Recognition SDK (ABBY RTR) [28], and Amazon’s Rekognition SDK (Rekognition) [29]",ABBYY OCR,,"Shrinivas Pundlik,Anikait Singh,Gautam Baghel,Vilte Baliutaviciute,Gang Luo",https://github.com/abbyy/barcode_detection_benchmark,2,barcode_detection_benchmark,ABBYY,"Code for paper """"New Benchmarks for Barcode Detection using both Synthetic and Real Data"""" https://link.springer.com/chapter/10.1007%2F978-3-030-57058-3_34",Python
ABBYY,10.1109/JTEHM.2019.2935451,"Four different OCR Engines that can be implemented via an API were evaluated to determine the accuracy and usability of each engine: Google Machine Learning Kit (ML Kit) [26], Microsoft Azure’s Cognitive Services (Azure OCR) [27], ABBYY’s Real Time Recognition SDK (ABBY RTR) [28], and Amazon’s Rekognition SDK (Rekognition) [29]",ABBYY OCR,,"Shrinivas Pundlik,Anikait Singh,Gautam Baghel,Vilte Baliutaviciute,Gang Luo",https://github.com/gojiplus/abbyyR,3,abbyyR,goji+,R Client for the Abbyy Cloud OCR,HTML
ABBYY,10.1109/JTEHM.2019.2935451,"Four different OCR Engines that can be implemented via an API were evaluated to determine the accuracy and usability of each engine: Google Machine Learning Kit (ML Kit) [26], Microsoft Azure’s Cognitive Services (Azure OCR) [27], ABBYY’s Real Time Recognition SDK (ABBY RTR) [28], and Amazon’s Rekognition SDK (Rekognition) [29]",ABBYY OCR,,"Shrinivas Pundlik,Anikait Singh,Gautam Baghel,Vilte Baliutaviciute,Gang Luo",https://github.com/dannguyen/abbyy-finereader-ocr-senate,4,abbyy-finereader-ocr-senate,Dan Nguyen,Evaluating the performance and accuracy of ABBYY FineReader's OCR on Senate Financial Disclosure scanned forms,CSS
ABBYY,10.1109/JTEHM.2019.2935451,"Four different OCR Engines that can be implemented via an API were evaluated to determine the accuracy and usability of each engine: Google Machine Learning Kit (ML Kit) [26], Microsoft Azure’s Cognitive Services (Azure OCR) [27], ABBYY’s Real Time Recognition SDK (ABBY RTR) [28], and Amazon’s Rekognition SDK (Rekognition) [29]",ABBYY OCR,,"Shrinivas Pundlik,Anikait Singh,Gautam Baghel,Vilte Baliutaviciute,Gang Luo",https://pypi.org/project/ABBYY/,5,ABBYY,Samuel Cossette,ABBYY Cloud OCR API Wrapper.,Python
ABBYY,10.1109/JTEHM.2019.2935451,"Four different OCR Engines that can be implemented via an API were evaluated to determine the accuracy and usability of each engine: Google Machine Learning Kit (ML Kit) [26], Microsoft Azure’s Cognitive Services (Azure OCR) [27], ABBYY’s Real Time Recognition SDK (ABBY RTR) [28], and Amazon’s Rekognition SDK (Rekognition) [29]",ABBYY OCR,,"Shrinivas Pundlik,Anikait Singh,Gautam Baghel,Vilte Baliutaviciute,Gang Luo",https://github.com/samueltc/ABBYY,6,ABBYY,Samuel Cossette,Simple Python wrapper for ABBYY Cloud OCR,Python
ABBYY,10.1109/JTEHM.2019.2935451,"Four different OCR Engines that can be implemented via an API were evaluated to determine the accuracy and usability of each engine: Google Machine Learning Kit (ML Kit) [26], Microsoft Azure’s Cognitive Services (Azure OCR) [27], ABBYY’s Real Time Recognition SDK (ABBY RTR) [28], and Amazon’s Rekognition SDK (Rekognition) [29]",ABBYY OCR,,"Shrinivas Pundlik,Anikait Singh,Gautam Baghel,Vilte Baliutaviciute,Gang Luo",https://cran.r-project.org/package=GABB,7,GABB,Gregoire Bianchetti,"Help to the occasional R user for synthesis and enhanced graphical visualization of redundancy analysis (RDA) and principal component analysis (PCA) methods and objects. Inputs are : data frame, RDA (package 'vegan') and PCA (package 'FactoMineR') objects. Outputs are : synthesized results of RDA, displayed in console and saved in tables ; displayed and saved objects of PCA graphic visualization of individuals and variables projections with multiple graphic parameters.",R
ABBYY,10.1109/JTEHM.2019.2935451,"Four different OCR Engines that can be implemented via an API were evaluated to determine the accuracy and usability of each engine: Google Machine Learning Kit (ML Kit) [26], Microsoft Azure’s Cognitive Services (Azure OCR) [27], ABBYY’s Real Time Recognition SDK (ABBY RTR) [28], and Amazon’s Rekognition SDK (Rekognition) [29]",ABBYY OCR,,"Shrinivas Pundlik,Anikait Singh,Gautam Baghel,Vilte Baliutaviciute,Gang Luo",https://github.com/abbyy/ocrsdk.com,8,ocrsdk.com,ABBYY,ABBYY Cloud OCR SDK,Java
