{
    "abbyy": [
        "ABBYY OCR"
    ],
    "bcea": [
        "R package BCEA",
        "R-package BCEA",
        "BCE",
        "R package BCEA (Bayesian Cost Effectiveness Analysis)"
    ],
    "beautifulsoup": [
        "Beautiful Soup",
        "BeautifulSoup9",
        "Beautiful soup",
        "Beautiful Soup”",
        "BeatifulSoup",
        "BeautifulSoup Python library",
        "BeautifulSoup4",
        "BeautifulSoup 4 (PyPi)",
        "beautifulsoup4",
        "BeautifulSoup Python Package",
        "Beautiful",
        "beautiful-soup"
    ],
    "coapthon": [
        "CoAPthon3"
    ],
    "diagrammersvg": [
        "Diagrammer",
        "Diagram",
        "DiagrammeR"
    ],
    "django": [
        "Django Python",
        "Django Web",
        "Django web",
        "Django-rest",
        "django-open",
        "django",
        "Django Python Web framework",
        "Djangology",
        "django-auth",
        "DJANGOS",
        "Django CMS"
    ],
    "fincal": [
        "inCal"
    ],
    "flask": [
        "Flask Python",
        "Flask MVC",
        "Flask Python library",
        "FLASKA",
        "FLAS",
        "Flask Web",
        "Python Flask",
        "Flask Python Framework"
    ],
    "gillespiessa": [
        "Gillespie2",
        "Gillespie",
        "R package ‘GillespieSSA’",
        "GillespieSSA R",
        "R package “GillespieSSA",
        "R-package GillespieSSA"
    ],
    "hiv.lifetables": [
        ""
    ],
    "hydenet": [
        ""
    ],
    "mg-rast": [
        "MG-RAST43",
        "Metagenomics RAST",
        "mg-rast - metagenomics analysis server",
        "MG-RASTare",
        "the metagenomics rast server",
        "MG-RAST53",
        "MG-Rast M5NR",
        "metagenomics rast",
        "MG-Rast)",
        "MG-RASTv2",
        "MG-RAST SEED",
        "MG-RASTv",
        "MG-RAST - metagenomics analysis server",
        "MG RAST",
        "MG-RAST API",
        "The Metagenomics RAST server",
        "MG-RAST BLAT",
        "MG-RAST-API",
        "MG-RAST46",
        "MG-RASR",
        "MG-RAST23",
        "MG-RAST)",
        "MG-RASTa",
        "MG-RAST12",
        "mg-rast",
        "MG-RAST18"
    ],
    "mgdrive": [
        "MGDrivE",
        "MGDrive",
        "GDrive",
        "MGDrivE2"
    ],
    "multiphen": [
        "Multi",
        "Multiphor",
        "MultiP",
        "MultiPhen-GATES",
        "MultiPhen9",
        "MultiPhyl",
        "R package MultiPhen (MultiPhen)",
        "R package MultiPhen",
        "Multiphen",
        "MultiPhen R package",
        "Multiphyl",
        "MultiPhen",
        "MultiPhen59"
    ],
    "nlme": [
        "nlme59",
        "R-package nlme",
        "≪nlme≫ R",
        "R nlme library",
        "pNLME",
        "R package \"nlme\"",
        "R function nlme",
        "R packge nlme",
        "nlme” R",
        "R package “nlme",
        "nlme_3",
        "R-package ‘nlme",
        "nlme4",
        "package “nlme",
        "R-package ‘nlme’",
        "R package 'nlme'",
        "nlme package (Pinheiro )",
        "r-package nlme",
        "nlme92",
        "on package nlme",
        "nlme” R package",
        "R package nlme",
        "R package “nlme”",
        "nlme R Package",
        "NLMEs",
        "nlme51",
        "nlme of R",
        "R ‘nlme’",
        "R package ‘nlme’",
        "nlme82",
        "R package: nlme",
        "nlme-R",
        "nlme R library",
        "R packages nlme",
        "nlme package for R",
        "nlme19",
        "R library “nlme”",
        "R language nlme package",
        "“nlme",
        "NLMETM",
        "R-package “nlme",
        "R nlme",
        "NLME R",
        "nlme R",
        "package nlme",
        "nlme)",
        "nlme60",
        "nlme library of R",
        "NLM",
        "R package nlme package",
        "nlme42",
        "nlme package of R",
        "R package 'nlme",
        "R Package nlme",
        "nlme package",
        "NLMEM",
        "nlme’ R",
        "R library nlme",
        "nlme’",
        "nlme R-package",
        "R-package “nlme”",
        "R package ‘nlme",
        "nlm",
        "nlme55",
        "R nlme package",
        "R library “nlme",
        "nlme-3",
        "nlme R package",
        "nlme18",
        "nlme package for",
        "r package nlme",
        "R « nlme » package (Linear and Nonlinear Mixed Effects Models)",
        "NLME-A"
    ],
    "panda": [
        "RPANDA",
        "PANDA: Pipeline for Analyzing braiN Diffusion imAges",
        "pandas®",
        "PAND",
        "Pandda",
        "PandaR",
        "PANDA: a pipeline tool for diffusion MRI",
        "Pandas",
        "Pandas9",
        "PANDA seq",
        "Pipeline for Analyzing braiN Diffusion imAges",
        "PANDABox",
        "iPanda",
        "Pand",
        "PANDA+",
        "Pandas4",
        "panda-tool",
        "pandaseq",
        "PANDAseq2",
        "Pandaset",
        "Mpanda",
        "PandaEPL",
        "PANDA (Pipeline for Analyzing braiN Diffusion imAges)",
        "PandaT",
        "pipeline for analyzing brain diffusion images",
        "pandaR",
        "PANDAs",
        "PANDAS",
        "Pandas”",
        "pandaCam",
        "PandaX-II",
        "iPANDA",
        "panda: a pipeline tool for diffusion mri",
        "Pandas©",
        "PANDDA",
        "PANDAT",
        "Pandat®",
        "PandaX",
        "Pandaæsim",
        "Pandanus",
        "pandda",
        "panda",
        "PANDANA",
        "Panda3d",
        "pandaSeq",
        "PANDAseq",
        "PandaSeq2",
        "PANDAbox",
        "PANDASEQ",
        "PANDAA",
        "PandaS",
        "PANDA-T1ρ",
        "PANDAseq)",
        "pandas0",
        "Panda3D",
        "Pandas32",
        "Pandat",
        "PandaSeq",
        "rpanda",
        "PANDA)",
        "pandas",
        "ANDA",
        "Pandaseq",
        "panda (pipeline for analyzing brain diffusion images)",
        "PANDAR",
        "Pandas-0",
        "PANDASeq2",
        "PANDASeq",
        "panda: pipeline for analyzing brain diffusion images",
        "PANDA GRN",
        "Panda-seq",
        "PANDAse"
    ],
    "panda (pipeline for analyzing brain diffusion images)": [
        "PANDA (Pipeline for Analyzing",
        "PANDA (Pipeline for Analyzing braiN Diffusion imAges)",
        "PANDA (Pipeline for Analysing Brain Diffusion Images)",
        "Pipeline for Analyzing Brain Diffusion Images",
        "PANDA (Pipeline for Analyzing Brain Diffusion Images)",
        "PANDA (Pipeline for Analyzing Brain Diffusion Images toolkit)",
        "Pipeline for Analyzing braiN Diffusion imAges (PANDA"
    ],
    "poap": [
        "POA",
        "POAPRA"
    ],
    "pandas": [
        "PANDAseq33",
        "Python pandas",
        "pandas Python package",
        "pandas®",
        "PAND",
        "Pandda",
        "PANDAs PDA",
        "PANDAseq57",
        "PandaR",
        "Pandas",
        "Pandas9",
        "PandaSeq32",
        "ANDAS",
        "PANDA+",
        "Pandas4",
        "Pand",
        "panda-tool",
        "pandaseq",
        "PANDAseq2",
        "Pandaset",
        "PandaT",
        "Panda",
        "pipeline for analyzing brain diffusion images",
        "PANDAseq28",
        "pandaR",
        "PANDAs",
        "PANDAS",
        "Pandas”",
        "python pandas",
        "PandasTools",
        "panda: a pipeline tool for diffusion mri",
        "Pandas©",
        "PANDDA",
        "PANDAT",
        "python pandas scripts",
        "PANDAseq42",
        "pandda",
        "panda",
        "PandaX",
        "pandastable",
        "Pandas qcut",
        "PANDAseq",
        "PandaSeq2",
        "PANDASEQ",
        "PANDAA",
        "PandaS",
        "PANDAseq)",
        "pandas0",
        "Pandas32",
        "PANDAs PtDA",
        "Pandat",
        "Python pandas package",
        "PandaSeq",
        "PANDAseq38",
        "PANDA)",
        "Pandaseq",
        "pandas",
        "panda (pipeline for analyzing brain diffusion images)",
        "PANDAR",
        "PANDA",
        "Pandas-0",
        "pandas Python",
        "PANDASeq2",
        "PANDASeq",
        "panda: pipeline for analyzing brain diffusion images",
        "PANDASeq36",
        "PANDAse",
        "pandas Python library",
        "Python package pandas"
    ],
    "presenceabsence": [
        "PresenceAbsence R",
        "R package PresenceAbsence",
        "R package “Presence/Absence”",
        "R package 'PresenceAbsence'",
        "R package “PresenceAbsence”",
        "Presence",
        "PresenceAbsence R package",
        "R package \"PresenceAbsence\"",
        "R package ‘PresenceAbsence’",
        "PresenceAbsence62",
        "PresenceAbsence for R",
        "R package “PresenceAbsence",
        "Presence Absence"
    ],
    "pysiology": [
        ""
    ],
    "pygments": [
        ""
    ],
    "python package sklearn": [
        "Python package scikits.learn",
        "Python package Holes",
        "Python package seaborn",
        "Python package scikit learn",
        "Python sklearn",
        "Python package scikit-learn",
        "Python package scipy",
        "Python packages",
        "Python sklearn package",
        "Python package sci-kit learn",
        "Python package Scikit-learn",
        "Python package scikit‐learn",
        "Python package “scikit-learn”"
    ],
    "python sklearn": [
        "Python Sklearn",
        "Python sklearn library",
        "Python sklearn.cluster",
        "Python Sklearn library",
        "Python sklearn",
        "Python sklearn package",
        "Python-sklearn",
        "Python3 sklearn",
        "Python sklearn-library",
        "Python package sklearn"
    ],
    "python sklearn library": [
        "Python Sklearn",
        "Python sklearn library",
        "Python Sklearn library",
        "Python sklearn",
        "Python Scikit-learn library",
        "Python sklearn-library",
        "Python scikit-learn library",
        "Python Scikit-Learn library",
        "Python3 sklearn library",
        "Python ‘sklearn’ library"
    ],
    "qcluster": [
        "pCluster",
        "ClusterX",
        "PCluster",
        "¥Cluster",
        "dCluster",
        "UCluster",
        "ClusterA",
        "Cluster",
        "Cluster8",
        "XCluster",
        "Cluste",
        "5Cluster",
        "ACluster",
        "eCluster",
        "kCluster",
        "MCluster",
        "μCluster",
        "ClusterW",
        "aCluster",
        "Cluster3",
        "FCluster",
        "1Cluster",
        "mCluster",
        "WCluster",
        "iCluster",
        "SCluster",
        "ClusterR",
        "xCluster",
        "cCluster",
        "ClusterM",
        "DCluster",
        "Clusters",
        "Cluster®",
        "ClusterT",
        "hCluster",
        "RCluster",
        ":Cluster",
        "sCluster"
    ],
    "r package star": [
        "R package BART",
        "R package of",
        "R package ga",
        "R package SIM",
        "R package SOM",
        "R package LD",
        "R package mt",
        "R package SMCP",
        "R package MAST",
        "R package SC3",
        "R package SPIA",
        "R package STRING",
        "R package R0",
        "R package SCDE",
        "R package DT",
        "R package tm",
        "R package My",
        "R package ARM",
        "R package CSAR",
        "R package DART",
        "R package SC2P",
        "R package rq",
        "R package SPEI",
        "R package ez",
        "R package GO",
        "R package SCAM",
        "R package SECR",
        "R package SPP",
        "R package SIBR",
        "R package CARE",
        "R package STAMPP",
        "R package g",
        "R package ‘STATS’",
        "R package SQUAREM",
        "R package STPGA",
        "R package SLHD",
        "R package SAM",
        "R package SEG",
        "R package SAFE",
        "R package cn",
        "R package CVST",
        "R package SIMR",
        "R package Stat",
        "R package Surv",
        "R package CA",
        "R package SPARSim",
        "R package mi",
        "R package sm",
        "R package SCAN",
        "R package CAR",
        "R package SPARCC",
        "R package SSDM",
        "R package MR",
        "R package SGAT",
        "R packaged",
        "R package SoDA",
        "R package NB",
        "R package ks",
        "R package DTA",
        "R package iq",
        "R package SSN",
        "R package,",
        "R package sp",
        "R package SICS",
        "R package SKAT",
        "R package STARTRAC",
        "R package FD",
        "R package MST",
        "R package STATS",
        "R package BaSTA",
        "R package SPARTAN",
        "R package SNMF",
        "R package BETAREG",
        "R package:",
        "R package BF",
        "R package np",
        "R package STRATAG",
        "R package r",
        "R package GA",
        "R package lm",
        "R package SSAR",
        "R package CM",
        "R package SGL",
        "R package JM",
        "R package SIS",
        "R package HZAR",
        "R package SITAR",
        "R package HH",
        "R package AF",
        "R package ML",
        "R package R",
        "R package BB",
        "R package st",
        "R package3",
        "R package SMAT",
        "R package ARES",
        "R package TAM",
        "R package MI",
        "R package FW",
        "R package SEM",
        "R package (",
        "R package VARS",
        "R package RAR",
        "R package (R",
        "R package sf",
        "R package SSCLUST",
        "R package FIAR",
        "R package q",
        "R package EZ",
        "R package STANDARICH",
        "R package “p",
        "R package NST",
        "R package MAXSTAT",
        "R package SPIn",
        "R package openSTARS",
        "R package PK",
        "R package MAR1",
        "R package STACKR",
        "R package sn",
        "R package AROC",
        "R package2",
        "R package VAST",
        "R package SCCA",
        "R package SP",
        "R package SIAR",
        "R package ca",
        "R package SimR",
        "R package SVA",
        "R package StTAMPP",
        "R package MVST",
        "R package SMUT",
        "R package1",
        "R package BEST",
        "R package to"
    ],
    "r2dt": [
        "R2D"
    ],
    "rainbowr": [
        "Rainbow",
        "RAINBOW",
        "BRAINBOW",
        "Rainbow2",
        "RainbowRMSD",
        "RAINBO",
        "RAINBOWRMSD",
        "RAINBOWb",
        "RAINBOWc"
    ],
    "rdistance": [
        "Rdist",
        "distance",
        "“Distance",
        "Distances",
        "gdistance",
        "Distance",
        " distance",
        "IDistance",
        "iDistance",
        "gDistance"
    ],
    "rtrack": [
        "Rtracklayer",
        "CSRTrack",
        "RTrackLayer",
        "track",
        "LSRtrack",
        "ARTTrack",
        "Track"
    ],
    "scina": [
        "SCINAto",
        "CINA",
        "SCINA R"
    ],
    "sklearn": [
        "sklearn.hmm",
        "sklearn.svm",
        "sklear",
        "Python sklearn library",
        "sklearn.tree",
        "sklearn.utils",
        "Python sklearn",
        "sklearn Python",
        "scikits.learn",
        "sklearn Python library",
        "Python package sklearn",
        "sklearn”",
        "Sklearn API",
        "sklearn-fuse",
        "sklearn Python package",
        "sklearn‐rvm",
        "sklearn",
        "Scikit-learn",
        "Python sklearn package",
        "sklearning",
        "sklearn_extra",
        "sklearn0",
        "sklearn python package"
    ],
    "spatest": [
        "PATest",
        "SPAtest R package",
        "R package SPAtest"
    ],
    "star": [
        "STaRS",
        "StARTs",
        "STARTs",
        "STARR",
        "STAR22",
        "eStar",
        "StaRi",
        "StAR2D",
        "STAR RNA-seq aligner package",
        "STARC",
        "STAR_2",
        "StarAI",
        "Start",
        "STARHS",
        "iStar",
        "stars",
        "STARM",
        "Stare",
        "STAR28",
        "START",
        "istar",
        "Stargz",
        "STAR75",
        "STAR5",
        "STARPA",
        "STARS",
        "STARK",
        "starve",
        "eSTAR",
        "STARP",
        "STAR package",
        "CSTAR",
        "Starm",
        "Star2",
        "StAR2",
        "STAR67",
        "star/2",
        "astar",
        "STARma",
        "mitochondrial",
        "STA",
        "STARv2",
        "STAR19",
        "STAREE",
        "stard1",
        "starpu",
        "STAR74",
        "STAR51",
        "STAR3D",
        "STAR-Q",
        "star",
        "start",
        "STARU",
        "CStaR",
        "STAR-T",
        "STAR®",
        "STAR-E",
        "STAR-F",
        "Star/2",
        "qStar",
        "Starr”",
        "START2",
        "STAR13",
        "ASTAR",
        "Starc",
        "STAR66",
        "StarS",
        "STARD",
        "StARR",
        "STAR12",
        "STAR-C",
        "STAR-G",
        "StA",
        "GSTAR",
        "KSTAR",
        "STAR +",
        "R package STAR",
        "Wstar",
        "STARs",
        "STARQL",
        "STAR-D",
        "STAR21",
        "Ustar",
        "STaRT",
        "STARch",
        "jStar",
        "rna-star",
        "KStar",
        "STAR2",
        "ustar",
        "SSTAR",
        "Spliced Transcripts Alignment to a Reference (STAR)",
        "eStAR",
        "Kstar",
        "STAAR",
        "STARRS",
        "Star e",
        "Stars",
        "sta",
        "STaRi",
        "(STAR",
        "Starst",
        "StARTS",
        "STARMA",
        "STARNA",
        "JSTAR",
        "STaRI",
        "STARx",
        "pStAR",
        "STARv",
        "PSTAR",
        "STAR*D",
        "STAR‐2",
        "STARZ",
        "StARS",
        "QStar",
        "StART",
        "starka",
        "stare",
        "Stara",
        "STAR-R",
        "STAR/2",
        "STAR23",
        "STARRT",
        "STAR-J",
        "STAR)",
        "DNA STAR package",
        "STARKS",
        "Sstar",
        "StARRT",
        "dStAR",
        "luteinizing hormone-induced protein",
        "QSTAR",
        "STAR:",
        "STARD1",
        "Starr",
        "STARFM",
        "Star®",
        "Spliced Transcripts Alignment to Reference",
        "STARTS",
        "StarI",
        "StaRI",
        "STAR2D",
        "StarPU",
        "Star-P",
        "STARA",
        "STAR*",
        "STAR3",
        "STTAR",
        "STARCH",
        "USTAR",
        "STAR58",
        "steroidogenic acute regulatory protein",
        "Qstar",
        "STAR57",
        "STAR4",
        "STAR26",
        "aSTAR",
        "STAR e",
        "STAR39",
        "Stark",
        "StarFL",
        "STAR-2",
        "start domain-containing protein 1",
        "MSTAR",
        "StarE",
        "Star2D",
        "STARE",
        "start2",
        "star-e",
        "StARS®",
        "Sta",
        "ultrafast universal RNA-seq aligner",
        "STAR-P",
        "STAR37",
        "STARe",
        "STAR©",
        "StarT",
        "ESTAR",
        "STARTT"
    ],
    "star rna-seq aligner package": [
        "STAR RNA-seq aligner",
        "STAR RNA-seq Aligner",
        "STAR RNAseq aligner",
        "STAR (RNA-seq aligner",
        "STAR RNA-Seq aligner",
        "STAR RNA-seq aligner48",
        "STAR RNA‐seq aligner"
    ],
    "star package": [
        "CAR package",
        "DNASTAR package",
        "STAP package",
        "SITAR package",
        "DNA STAR package"
    ],
    "star)": [
        "STAR",
        "star)",
        "steroidogenic acute regulatory protein",
        "stard1",
        "luteinizing hormone-induced protein",
        "(STAR)",
        "mitochondrial",
        "start domain-containing protein 1",
        "star"
    ],
    "star) rna-seq aligner": [
        "STAR RNA-seq aligner",
        "star) rna-seq aligner",
        "STAR RNAseq aligner",
        "steroidogenic acute regulatory protein",
        "stard1",
        "STAR RNA-Seq aligner42",
        "STAR) aligner",
        "STAR RNA‐Seq aligner",
        "luteinizing hormone-induced protein",
        "STAR RNA-Seq aligner",
        "mitochondrial",
        "start domain-containing protein 1",
        "star"
    ],
    "star) aligner": [
        "mitochondrial",
        "STAR aligner57",
        "STAR aligner",
        "STAR’ aligner",
        "steroidogenic acute regulatory protein",
        "STAR aligner66",
        "stard1",
        "STAR alignner",
        "STAR) RNA-Seq aligner",
        "STAR2 aligner",
        "luteinizing hormone-induced protein",
        "STAR aligner59",
        "STAR aligners",
        "STARaligner",
        "star) aligner",
        "STAR aligner23",
        "start domain-containing protein 1",
        "star"
    ],
    "sentimentanalysis": [
        "Sentiment Analysis",
        "Sentiment Analysis Applied",
        "Sentiment",
        "Sentiment Analysis (ABSA)",
        "SentimentAnalysis” R"
    ],
    "seuratobject": [
        "SeuratObjects",
        "Seurat Object"
    ],
    "sparsedc": [
        "SparseData",
        "SparseK",
        "SparseDOSA",
        "Sparser",
        "Sparse",
        "SparseM",
        "Spars",
        "Sparsey",
        "SparseDTW"
    ],
    "spliced transcripts alignment to reference": [
        "STAR (Spliced Transcripts Alignment to a Reference) aligner",
        "Spliced Transcripts Alignment to a Reference) aligner",
        "Spliced Transcripts Alignment",
        "Splice Transcripts Alignment to a Reference",
        "STAR) (Spliced Transcripts Alignment to a Reference)",
        "Spliced Transcripts Alignment to a Reference (STAR) RNA-seq aligner",
        "Spliced Transcripts Alignment to a Reference (STAR)",
        "Spliced Transcripts Alignment to Reference tool (STAR",
        "Spliced Transcripts Alignment to a Reference (STAR",
        "Spliced Transcripts Alignment to a Reference (STAR) mapper",
        "or STAR",
        "Spliced Transcripts Alignment to Reference (STAR)",
        "STAR (Spliced Transcripts Alignment to a Reference)",
        "Splicing Transcripts Alignment Reference (STAR)",
        "Spliced Transcripts Alignment to a Reference",
        "STAR (Spliced Transcripts Alignment to a Reference",
        "Spliced Transcripts Alignment to a Reference (STAR) RNA-seq",
        "Spliced Transcripts Alignment to a Reference (STAR) aligner",
        "Spliced Transcripts Alignment (STAR)",
        "Spliced Transcripts Alignment to Reference (STARv2",
        "Spliced Transcripts Alignment to a Reference software (STAR)",
        "Spliced Transcripts Alignment to Reference)",
        "Spliced Transcript Alignment to a Reference (STAR)",
        "Spliced Transcripts Alignment to",
        "Spliced Transcripts Alignment to a Reference (STAR-2",
        "Spliced Transcripts Alignment to a Reference (STAR) RNA-Seq aligner",
        "Spliced Transcripts Alignment to a Reference tool (STAR",
        "Spliced Transcripts Alignment to a Reference (2",
        "Spliced Transcripts Alignment to a Reference program (STAR",
        "Spliced Transcripts Alignment to Reference (STAR) aligner",
        "Spliced Transcripts Alignment to Sscrofa11",
        "Spliced Transcripts Alignment to a Reference RNA-seq",
        "Spliced Transcripts Alignment to Reference (STAR-aligner)",
        "Spliced Transcripts Alignments to a Reference (STAR"
    ],
    "spliced transcripts alignment to a reference (star)": [
        "Spliced Transcripts Alignment to a Reference) aligner",
        "Spliced Transcripts Alignment",
        "Splice Transcripts Alignment to a Reference",
        "STAR) (Spliced Transcripts Alignment to a Reference)",
        "Spliced Transcripts Alignment to a Reference (STAR) RNA-seq aligner",
        "Spliced Transcripts Alignment to Reference tool (STAR",
        "Spliced Transcripts Alignment to a Reference (STAR",
        "Spliced Transcripts Alignment to a Reference (STAR) mapper",
        "or STAR",
        "Spliced Transcripts Alignment to Reference (STAR)",
        "Spliced Transcripts Alignment to Reference",
        "STAR (Spliced Transcripts Alignment to a Reference)",
        "Splicing Transcripts Alignment Reference (STAR)",
        "Spliced Transcripts Alignment to a Reference",
        "STAR (Spliced Transcripts Alignment to a Reference",
        "Spliced Transcripts Alignment to a Reference (STAR) RNA-seq",
        "Spliced Transcripts Alignment to a Reference (STAR) aligner",
        "Spliced Transcripts Alignment (STAR)",
        "Spliced Transcripts Alignment to Reference (STARv2",
        "Spliced Transcripts Alignment to a Reference software (STAR)",
        "Spliced Transcripts Alignment to Reference)",
        "Spliced Transcript Alignment to a Reference (STAR)",
        "Spliced Transcripts Alignment to",
        "Spliced Transcripts Alignment to a Reference (STAR-2",
        "Spliced Transcripts Alignment to a Reference (STAR) RNA-Seq aligner",
        "Spliced Transcripts Alignment to a Reference tool (STAR",
        "Spliced Transcripts Alignment to a Reference (2",
        "Spliced Transcripts Alignment to a Reference program (STAR",
        "Spliced Transcripts Alignment to Reference (STAR) aligner",
        "Spliced Transcripts Alignment to a Reference RNA-seq",
        "Spliced Transcripts Alignment to Reference (STAR-aligner)",
        "Spliced Transcripts Alignments to a Reference (STAR"
    ],
    "statistix": [
        "Statista3",
        "StatistiXL",
        "Statistix",
        "Statistica©",
        "Statistix9",
        "STATISTICA®",
        "Statistix8",
        "statistal",
        "Statista",
        "Statistca",
        "statistical",
        "Statistician",
        "Statistica X",
        "Statistx",
        "STATISTICAL",
        "Statistica°",
        "StatisticaTM",
        "Statisticа",
        "Statistics,",
        "Statisti",
        "StatisticaR",
        "Statistix®8",
        "STATISTIKA",
        "STATISTICA12",
        "Statistix10",
        "Statistica-8",
        "Statisticav",
        "Statistique",
        "Statistix®",
        "STATISTCA",
        "STATISTICATM",
        "Statistica1",
        "Statistix-9",
        "STATISTICA-6",
        "statistiXL",
        "Statistica10",
        "STATISTIX8",
        "Statistica6",
        "STATISTICA®7",
        "Statistika",
        "STATIST",
        "Statistica®",
        "StatistXL",
        "Statistics®",
        "Statisticon",
        "Statistical",
        "Statistica11",
        "Statistica9",
        "Statistica®7",
        "StatisticaPL",
        "StatisticaPl",
        "StatistiKL",
        "Statistica-7",
        "STATISTA",
        "statistix9",
        "Statista®",
        "STATISTICA6",
        "Statistics)",
        "Statistica12",
        "Statistica",
        "Statistica8",
        "Statistics:",
        "Statistica7",
        "STATISTICA",
        "Statistic-z",
        "STATISTICA7",
        "Statistix7",
        "StatistiXL®",
        "statistica",
        "STATISTICS",
        "StatisticW0",
        "Statist",
        "statistics",
        "Statistica5",
        "STATISTICA9",
        "STATISTICA15",
        "STATISTICs",
        "statistica°",
        "Statistix-8",
        "Statistica®8",
        "Statisti×",
        "Stati",
        "STATISTICA8©",
        "STATISTICA/W",
        "STATIX",
        "Statistics",
        "Statistix-10",
        "StatistX",
        "Statistika®",
        "Statistico",
        "STATISTIK",
        "STATISTICA8",
        "STATISTIC",
        "Statitix",
        "Statistica13",
        "STATISTICA7©",
        "statistic",
        "Statis",
        "StatisticXL",
        "StatistiXl",
        "STATISTICS®",
        "STATISTICA13",
        "STATISTICA©",
        "Statistic",
        "Statistica/W",
        "Statistixl",
        "Statistic®",
        "Statistica16",
        "statista",
        "STATIS",
        "Statistcs",
        "STATISTICA10",
        "Statistic \"R",
        "Statistiques",
        "StatisticTM",
        "statistix",
        "statis"
    ],
    "treetoreads": [
        ""
    ],
    "tunepareto": [
        "TunePareto R package"
    ],
    "velvet": [
        "Velvetde",
        "Velvet26",
        "velvet-sc",
        "VelvetOases",
        "D-Velvet",
        "Velvet23",
        "velvet",
        "Velvet-sc",
        "Velvet®",
        "Velvet-S",
        "Velvet30",
        "Velvet43",
        "Velvet32",
        "velvet1",
        "velveth",
        "Velvetopt",
        "Velvet75",
        "velvet-1",
        "Velvet58",
        "VELVETG",
        "Velveth",
        "Velvet21",
        "aVelvet",
        "Velvet81",
        "Velvet_v1",
        "Velvet_1",
        "Velvet’",
        "VelvetSC60",
        "Velvet38",
        "Velvet50",
        "Velvet +",
        "Velvet42",
        "Velvet24",
        "VelvetSC",
        "Velvet-Cap3",
        "VELVETH",
        "Velvet-1",
        "VelvetK",
        "Velvetk",
        "Velvet34",
        "Velvetleaf",
        "Velvet de",
        "Velvet29",
        "Velvetbean",
        "velvetg",
        "Velvet-SC",
        "Velvet-CAP3",
        "Velvetver",
        "Velvetg",
        "Velvet1"
    ],
    "weightedroc": [
        "Weight",
        "Weighted"
    ],
    "activity": [
        "Activity Plots",
        "PROACTIVITY",
        "activity-atlas",
        "Activity base",
        "Activity Scan",
        "ActivityBase XE",
        "Activity System",
        "Activity",
        "Activity Plot",
        "Activity Recall",
        "Activity List",
        "Activia",
        "activity-stat",
        "Activitygram",
        "Activiteit",
        "ActivityTracker",
        "CReActivity",
        "ACTIVITY [UNK]",
        "Activity2Vec",
        "Activity Base",
        "Activity Theory",
        "ACTIVITYBASE",
        "ActivityAware",
        "OF Activity",
        "ActivityScope",
        "Activity Score",
        "activitybase",
        "Activity (RSA)",
        "Activity Survey",
        "activity cage",
        "Activity Coach",
        "ActivityX16",
        "ActivityMonitor",
        "ACTIVITIES",
        "Tractivity",
        "Activity Map",
        "Activ",
        "Activio",
        "Inactivity)",
        "Activity Atlas",
        "Activiti",
        "ActivityMeasure",
        "Activity Log",
        "Tractivity®",
        "Activity-Sim",
        "MyActivity",
        "ActivityStat",
        "ActivityProbe",
        "ActivityBase",
        "ActivityScore",
        "ACTIVITAL",
        "ACTIVITYGRAM",
        "ACTIVIA",
        "Activitybot",
        "ActivityIndex",
        "Activité",
        "BioActivity",
        "“activity",
        "Activity3D",
        "ActivityInfo",
        "‘activity’",
        "ActivityResNet",
        "activity",
        "Activity Wheel",
        "My Activity",
        "ActivityNet",
        "Activity Linker",
        "ActivityCoach",
        "Activities",
        "ActivityLoop",
        "ACTIV",
        "ActivityManager"
    ],
    "ads": [
        "ADSM",
        "ADSO",
        "AdSV",
        "aDSM",
        "ADST",
        "ADS)",
        "ADSV",
        "ADSC",
        "AdSS",
        "AdSC",
        "aDST",
        "ADSS",
        "ADSP",
        "ADSA"
    ],
    "ampir": [
        "Vampir"
    ],
    "anocva": [
        "rmANOCVA",
        "ANOCVA R",
        "anocva",
        "ANalysis Of Cluster VAriability",
        "Analysis of Cluster Variability"
    ],
    "assignpop": [
        "R package assignPOP",
        "assign",
        "assignPOP R package",
        "assignPOPwere",
        "Assign",
        "assignPOP R",
        "AssignPOP",
        "assignPOP",
        "AssignPop"
    ],
    "beautifulsoup4": [
        "Beautiful Soup",
        "beautifulsoup",
        "BeautifulSoup9",
        "Beautiful soup",
        "Beautiful Soup”",
        "BeatifulSoup",
        "BeautifulSoup",
        "Beautiful",
        "beautiful-soup"
    ],
    "beepr": [
        ""
    ],
    "biopy": [
        "biopython"
    ],
    "biosignalemg": [
        "biosignalEMG package"
    ],
    "bootlr": [
        "boot"
    ],
    "cregulome": [
        "scRegulome",
        "Regulome",
        "cRegulome R package",
        "Regulomes"
    ],
    "catmap": [
        "CATMA",
        "Catmap.pl",
        "CATM",
        "CatM",
        "CATMAN",
        "Catman",
        "Catma",
        "CATMAT"
    ],
    "cellranger": [
        "Cellranger suites",
        "cellRanger mat2csv",
        "CellRanger mkfastq",
        "Cell Ranger",
        "Cell Rangers",
        "CellRanger mm10",
        "cellrangerRkit",
        "Cellranger",
        "CellRanger-atac",
        "cellranger mkfastq",
        "CellRanger pipeline",
        "Cellranger‐atac",
        "CellRanger VDJ",
        "cellranger mkref",
        "cellRanger-atac",
        "CellRangerv3",
        "CellRanger R",
        "Cellranger pipeline",
        "cellranger mkfastq1",
        "cellranger count",
        "Cellranger (10X",
        "cell ranger",
        "CellRanger Pipeline",
        "Cellranger VDJ",
        "cellranger vdj",
        "Cell ranger",
        "cellranger-arc",
        "Cellranger mkref",
        "CellRanger ATAC",
        "cellranger suite",
        "CellRanger mkref",
        "cellranger-atac",
        "10×Cellranger",
        "CellRanger",
        "Cell-Ranger",
        "cellrangerRrkit",
        "Cellranger ATAC",
        "CellRank",
        "cellRanger aggr",
        "cellranger R-kit",
        "Cell Ranger3",
        "Cellranger V(D)J",
        "cellRanger",
        "Cellranger mkfastq",
        "CELL RANGER",
        "CellRanger2",
        "Cellranger-atac",
        "cellranger",
        "Cellranger aggr",
        "cellranger aggr",
        "CellRanger aggr",
        "Cellranger count",
        "CellRanger1"
    ],
    "cgraph": [
        "ECGraph",
        "graph",
        "Graph"
    ],
    "chemometrics": [
        "ChemometricsWithR",
        "Chemometrics",
        "Chemometric",
        "chemometric",
        "“chemometrics",
        "R-chemometric",
        "chemometrics"
    ],
    "cobs": [
        "COOBS",
        "cob",
        "R-package cobs",
        "COB"
    ],
    "cumseg": [
        ""
    ],
    "cytoflow": [
        "Cytofworkflow",
        "Cytof",
        "cytofWorkflow",
        "cytoflow",
        "Cytoflow",
        "cytof"
    ],
    "dae": [
        "DAEM",
        "DAEL",
        "DAEO",
        "DAEI",
        "DAEA"
    ],
    "data.table": [
        "data.table_1"
    ],
    "deepredeff": [
        "R package deepredeff"
    ],
    "django-blastplus": [
        ""
    ],
    "dplyr": [
        "R package 'corrr' and 'dplyr",
        "dplyr",
        "R Package dplyr",
        "dply",
        "R-package ‘dplyr",
        "dplyr R",
        "dplyr R-package",
        "R packages dplyr",
        "dplyr package",
        "R package “dplyr”",
        "dplyr42",
        "R package dplyr",
        "dplyr R package",
        "dplyr’",
        "R packages ‘dplyr’",
        "R package ‘dplyr’",
        "R library dplyr",
        "dplyr_0",
        "R library “dplyr",
        "plyr",
        "R package ‘dplyr",
        "R-package dplyr",
        "package dplyr",
        "dplyr19",
        "R package “dplyr",
        "PLYR"
    ],
    "eqtlseq": [
        ""
    ],
    "earth": [
        "Earthtm",
        "EarthCape",
        "Earthv1",
        "MEarth",
        "EarthTech",
        "Earthworm",
        "EarthCARE",
        "EarthChem",
        "Earth3P",
        "EarthTec®",
        "Earthmate",
        "Earthox",
        "EARTHSTAT",
        "Earthrise",
        "EarthEnv",
        "Earth-WS",
        "EART",
        "earth R",
        "Earthstar",
        "EarthCube",
        "earthpy",
        "EarthSat",
        "EarthDNA",
        "Earth®",
        "EARTHTIME",
        "EARTHDATA",
        "Earthscan",
        "EarthLook",
        "EarthCare",
        "Earthlink",
        "EarthData",
        "Earther",
        "Earthmine",
        "Earth Pro",
        "EarthStat",
        "Earthdata",
        "Eartha",
        "Earthstat",
        "Earthsky",
        "EarthZyme",
        "EarthCam",
        "earth Pro",
        "R-package “earth"
    ],
    "edd-utils": [
        ""
    ],
    "enetlts": [
        "R package enetLTS"
    ],
    "fastdummies": [
        ""
    ],
    "fullfact": [
        "fullfact package",
        "Full Fact"
    ],
    "funfem": [
        ""
    ],
    "furniture": [
        ""
    ],
    "fwdpy": [
        "fwdpy11"
    ],
    "gdscad": [
        ""
    ],
    "geobr": [
        ""
    ],
    "ggnewscale": [
        ""
    ],
    "ggplot2": [
        "ggplot2for",
        "ggplot (ggplot2 R package",
        "ggplot5",
        "ggplot252",
        "ggpllot2",
        "R graphics package ggplot2",
        "ggplot243",
        "ggplot2",
        "ggplot256",
        "R-package ‘ggplot2",
        "R package of ggplot2",
        "R package {ggplot2",
        "ggplot2ʹ",
        "ggplot262",
        "R ggplot2 package",
        "ggplots2",
        "ggplot2′ R",
        "ggplot2-v3",
        "ggplot2 R graphics",
        "R package 'ggplot2'",
        "ggplot226",
        "R/Bioconductor package ggplot2",
        "R package ggplot2",
        "R package ‘ ggplot2",
        "ggplot2_3",
        "R Package ggplot2",
        "ggplot231",
        "R ggPlot2",
        "ggplotly",
        "ggplot2 R",
        "ggplot2 R package",
        "ggplot244",
        "ggplot241",
        "R library ‘ggplot2",
        "ggplot2 r",
        "ggplot22",
        "ggplott2",
        "ggplot2bdc",
        "ggplot234",
        "ggplot215",
        "GGplot",
        "ggplot255",
        "R/ggplot2",
        "ggplot2 package",
        "ggplot.2",
        "R-package “ggplot2”",
        "ggplot251",
        "R package “ggplot2”",
        "R package ggplot2 package",
        "“ggplot2",
        "ggplot221",
        "gplot2",
        "R-package ‘ggplot2’",
        "r package “ggplot2",
        "R library ggplot2",
        "R-package ggplot2",
        "R package ‘ggplot2′",
        "R-ggplot2",
        "ggpubr (ggplot2 Based Publication Ready Plots) of R",
        "R language ggplot2",
        "R-package ‘ggplot2′",
        "R ‘ggplot2′",
        "ggplot266",
        "ggplot2180",
        "R package for visual analytics (ggplot2",
        "ggplot254",
        "ggPlot",
        "ggplot2s",
        "R ggplot2 environment",
        "R “ggplot2",
        "ggplot218",
        "Ggplot2®",
        "R package (ggplot2",
        "ggplot2”",
        "ggplots",
        "ggplot264",
        "R package: ggplot2",
        "ggplot2 R library",
        "R / ggplot2",
        "‘ggplot2",
        "GGPlot",
        "Ggplot2 R",
        "ggplot1",
        "ggplot2” R package",
        "R project ggplot2",
        "ggpplot2",
        "ggplot261",
        "ggplot26",
        "R package “ggplot2",
        "ggplot R",
        "Ggplot",
        "ggplot2t",
        "ggplot2 package of R",
        "R package “ ggplot2",
        "ggpplot",
        "R graphing package ggplot2",
        "R “ggplot2”",
        "R package ‘ggplot2’",
        "PCA ggplot2 R",
        "R ggplot2",
        "R ‘ggplot2",
        "KMggplot2",
        "ggplot2R",
        "R package ‘ggplot2",
        "ggplot268",
        "r package ‘ggplot2",
        "CRAN R package ggplot2",
        "RStudio package ggplot2",
        "R studio ggplot2",
        "ggplot2 R-package",
        "package “ggplot2",
        "'ggplot2",
        "R package \"ggplot2",
        "ggplot2 package R",
        "ggplot245",
        "ggplot2 R language",
        "ggplot2485556",
        "ggplot219",
        "ggplot21",
        "R plotting system ggplot2",
        "ggplot289",
        "ggplot",
        "R-package “ggplot2",
        "ggplot237",
        "ggplot248",
        "R “ggplot2 package",
        "ggplot2 package for R",
        "ggplot2′",
        "GGPLOT",
        "R package \"ggplot2\"",
        "ggplot2_2",
        "ggplot2.R",
        "ggplot258",
        "R-package ggplot2 -",
        "R Cran packages ggplot2",
        "GGplot2v1",
        "ggplot2; package",
        "ggplot246",
        "package ggplot2",
        "R packages ggplot2",
        "ggplot271",
        "ggplot227",
        "R function ggplot2",
        "ggplotfy",
        "ggplot2 package geom_points",
        "R Packages ggplot2",
        "Ggplots",
        "ggplot240",
        "ggplot2 (R",
        "ggplot2 package x"
    ],
    "ggpmisc": [
        "ggpmisc package"
    ],
    "ggsci": [
        "R package ggsci"
    ],
    "gitlab": [
        "gitlab",
        "GitLab-CI",
        "GitLab CI"
    ],
    "hab": [
        "HABE"
    ],
    "httplib2": [
        "httplib"
    ],
    "insol": [
        "Insole",
        "Insolvenz",
        "Insoles",
        "Insole-C"
    ],
    "intepareto": [
        "R package intePareto"
    ],
    "interep": [
        "interest",
        "inter"
    ],
    "intsvy": [
        "R package intsvy"
    ],
    "knitr": [
        "knitr R library",
        "Knitr R",
        "knitr R package",
        "knitr Rnw",
        "knitr",
        "knitr1",
        "R knitr",
        "Knitro",
        "R package “knitr”",
        "R package knitr",
        "R package “knitr",
        "knitr package",
        "R knitr package",
        "knitr R"
    ],
    "kontroller": [
        "Controller",
        "controller"
    ],
    "libmesh": [
        "libMesh40",
        "libMesh41"
    ],
    "logspline": [
        "R package “logspline”",
        "logspline R package"
    ],
    "lubridate": [
        "R package lubridate",
        "lubridate",
        "lubridate R package",
        "Lubridate",
        "lubridate R"
    ],
    "lunar": [
        "Lunarc",
        "LUNAR DPX",
        "Luna",
        "Lunar®",
        "LUNARISTM",
        "Lunar DPX",
        "LUNA"
    ],
    "margins": [
        "MARGINAL",
        "MARGI",
        "R package “margins",
        "Margin",
        "Marginal",
        "MARGINto",
        "R package margins",
        "MARGIN",
        "MARGINSPLOT"
    ],
    "matplotlib": [
        "Matplot",
        "Matplotlib/Seaborn",
        "Python matplotlib",
        "matplotlib45",
        "mathplotlib",
        "Matplotlib_venn",
        "Matplotlib36",
        "MatPlotLIB",
        "matplotlib69",
        "Matplotlib56",
        "MatPlotLib graphics",
        "Matplotlib©",
        "MatplotLib",
        "matplotlib_ven",
        "Matplotlib Library",
        "Python matplotlib package",
        "Matplotlib (MPL)",
        "matplotlib Basemap",
        "Matplotlib26",
        "Matplotlib-1",
        "matplotlib Python package",
        "matplotlib Python",
        "Matplotlib basemap",
        "Matplotlotlib",
        "Matplotlib.pyplot",
        "Matplotlib.mlab",
        "Matplotlib MEC App",
        "Matplotlib3",
        "Matplotlib-venn",
        "Matplotlib ScaleBar",
        "Matplotlib BaseMap",
        "Matplotlib library",
        "matplotlib.mlab",
        "MatPlotlib",
        "matplotllib",
        "matplotlib Axes",
        "matplotlib53",
        "Matplolib",
        "matplotlib Python library",
        "matplot",
        "Matplotlib5152",
        "Matplotlib-package",
        "Matplotlib Pyplot",
        "matplotlib 2D",
        "Matplotlib",
        "Matplotlib pyplot",
        "MatPlotLib40",
        "matplotlib-mlab",
        "Matplotlib package",
        "matplotlip",
        "matplotlib42",
        "Matplotlib Basemap",
        "Matplotlib33",
        "MathPlotLib",
        "Matplotlib41",
        "matplotlib_venn",
        "matplotlib.pyplot",
        "Matplotlib2",
        "Matplotlib Toolkit",
        "matplotlib1",
        "Matplotlib63",
        "Matplotlab",
        "MatplotlibLicense",
        "matplotlib package",
        "Matplotlib1",
        "python plotting",
        "matplolib",
        "Matplotlib Python",
        "Matplotlib-v3",
        "matplotlib plotting",
        "matplotlib-venn",
        "MATPLOTLIB34",
        "Python matplotlib library",
        "matplot-lib",
        "matplotlib hist2d",
        "matplotlib",
        "MatPlotLib"
    ],
    "methylcheck": [
        "MethylC",
        "methyl",
        "Methyl"
    ],
    "mirt": [
        "MIRTCR",
        "mirt R package",
        "Mirth",
        "miRTif",
        "mirTAR",
        "mirt R-package",
        "R package “mirt",
        "R-package “mirt",
        "“mirt",
        "miRTIF",
        "MIRTE",
        "mirT2",
        "MIRTEX",
        "miRTex",
        "mirTex",
        "miRTar",
        "MIRTK",
        "miRTil",
        "miR",
        "miRTAR",
        "Mir",
        "MIRT R",
        "miRTI",
        "R package mirt",
        "mirTar",
        "miRTS",
        "mirt package",
        "MIRTA",
        "R mirt package",
        "MIR",
        "miRTop",
        "miRTDL",
        "mirt R",
        "Mirtar",
        "miRTOP",
        "R packages mirt",
        "miRTRS",
        "MIRTLE",
        "R-package ‘mirt’",
        "R-package mirt",
        "miRTaH",
        "BMIRT",
        "R library mirt",
        "R mirt"
    ],
    "mixkernel": [
        "mixKernels"
    ],
    "mnnpy": [
        ""
    ],
    "modes": [
        "gmodes",
        "modeest",
        "ModesLab",
        "Modeshape",
        "MODESE",
        "MODESA",
        "modest",
        "MODESTR®",
        "Mode",
        "MODE",
        "Modetest",
        "Modest",
        "kmodes",
        "mode",
        "MODEST",
        "ModestR",
        "ModestR®",
        "MODESLAB",
        "ODES"
    ],
    "mokken": [
        "R mokken package",
        "R package mokken",
        "R “mokken”",
        "R package ‘mokken’",
        "R-package ‘mokken’",
        "mokken package",
        "Mokken’",
        "“Mokken”",
        "“mokken",
        "R package “mokken”",
        "mokken”"
    ],
    "mord": [
        "morda",
        "mor"
    ],
    "mpi4py": [
        "MPI4PY",
        "MPI4Py",
        "mpi4py Python"
    ],
    "mrmlm": [
        "MRML",
        "R package “mrMLM",
        "mrMLM R package",
        "rMLM",
        "R package mrMLM",
        "mrMLM R",
        "R package “mrMLM”",
        "mrMLM.GUI",
        "“mrMLM",
        "RMLM"
    ],
    "ndl": [
        "NDLP",
        "NDLA"
    ],
    "ngcgh": [
        "ngCGH python"
    ],
    "nlsic": [
        "nlsi",
        "LSIC"
    ],
    "nolds": [
        "Nold"
    ],
    "numpy": [
        "Numpy≥1",
        "Numpy1",
        "NumPy-1",
        "numpy Python package",
        "Numpy API",
        "NumP",
        "Numpy©",
        "numpy",
        "NumPy1",
        "numpy.fft",
        "NumPyDoc",
        "numpy39",
        "numpy®",
        "NumPy8",
        "numpyc",
        "numpy15",
        "Numpy3",
        "NumPy4344",
        "numpy Python library",
        "NumPy for",
        "NumPy3",
        "numpy python package",
        "Gnumpy",
        "NUMP",
        "Python numpy",
        "numpydoc",
        "numpy-1",
        "numpy67",
        "NumPy/C",
        "numpy python",
        "NumPy V",
        "numpy1"
    ],
    "onnx": [
        "ONN"
    ],
    "openrouteservice": [
        "Openrouteservice",
        "Open Route Services",
        "OnRouteService",
        "openrouteservice"
    ],
    "optrees": [
        ""
    ],
    "osmdata": [
        "R package osmdata",
        "R package “osmdata”"
    ],
    "paramtest": [
        "R package paramtest"
    ],
    "patchwork": [
        "patchwork",
        "PATCH",
        "Patchwork",
        "PatchworkCG",
        "Patch",
        "Patchwork ASCNA",
        "Patchwork.plot",
        "patch"
    ],
    "pdftables": [
        ""
    ],
    "phylip": [
        "phyl",
        "Phylip+NJ",
        "Phylip2Tree",
        "PHYLIP3",
        "phylogeny inference package",
        "Phylip)",
        "Phylip",
        "PHYLIN",
        "rphylip",
        "PHYLIPv3",
        "Phylip56",
        "Phylipand",
        "phylin",
        "Rphylip",
        "PHYLIP-3",
        "PHYLIP80",
        "Phylip Tree",
        "2PHYLIP",
        "Phylips",
        "PHYLIP71",
        "PHYLIP suit",
        "phylip -m",
        "Phylip Plot",
        "Phyl",
        "phylipout",
        "Phylip3",
        "Phylip-3",
        "PHYLIP3.65",
        "Phyllip",
        "phylip)",
        "PHYLogeny Inference Package",
        "PHYLIB",
        "PHYLIP51",
        "PHYLIP (ML)",
        "PHYLIP24",
        "PHYLIP60",
        "PHYLIP52",
        "Phylip NJ",
        "PHYL",
        "phylip’",
        "PHYLIP55",
        "phylip_var",
        "phylip-3",
        "(PHYLIP)",
        "Phylip Ver",
        "PHYLIP-ML",
        "phylip3.6",
        "phylipFasta",
        "phylips",
        "Phylip-v3",
        "phylip",
        "phylip MSA",
        "Phylip_REF",
        "PHYLIS",
        "hylip",
        "Phylip-69",
        "PHYLIPNEW",
        "phylip -T",
        "Phylip4",
        "PHYLIP40",
        "PhyliP",
        "PHYLIP)",
        "PHYLIP pars",
        "Phylip‐3",
        "RPhylip",
        "phylip.tree",
        "PHYLIPS"
    ],
    "powergwasinteraction": [
        "R package powerGWASinteraction"
    ],
    "psych": [
        "R package psych",
        "psych’",
        "R “psych",
        "Psychdata",
        "PsychE",
        "Psych-DS",
        "R psych package",
        "R psych package36",
        "Psychnet",
        "R project psych package",
        "R “psych”",
        "PsychNet",
        "PsychLIT",
        "PSYCHE",
        "PsychoPy1",
        "R packages psych",
        "Psych*",
        "PsychINFO",
        "PsychoTSH",
        "PsychRNN",
        "psych",
        "Psychenet",
        "R package “psych",
        "PSYCHinfo",
        "psych r",
        "PsychInfo",
        "psych R",
        "R psych",
        "Psych-soc",
        "PSYCHO",
        "PsychINFo",
        "psychlit",
        "psych”",
        "R package \"psych\"",
        "PsychSim",
        "R-package “psych",
        "PsychLog",
        "R package “psych”",
        "R language psych",
        "PsychoSig",
        "RStudio psych package",
        "Psyche",
        "PSYCHLOPs",
        "PsychMAP",
        "Psych Net",
        "psychInfo",
        "Psychache",
        "Psych MD",
        "Psychosis",
        "Psych Map",
        "psych Package in R",
        "R ‘psych’ package",
        "psych package for R",
        "Psych Soc",
        "R library ‘psych’",
        "PsychTr",
        "Psyc",
        "PsychoFit",
        "PsychoPy3",
        "R ‘psych’",
        "R-package psych",
        "R-package “psych”",
        "psychmeta",
        "PsychPark",
        "psychoEQ",
        "Psychotic",
        "psych r-package",
        "R package ‘psych’",
        "psych package",
        "PsychoPy",
        "psycho",
        "PSYCHLOPS",
        "Psychopy",
        "Psycho",
        "R package (psych",
        "PsychCorp",
        "Psychopy®",
        "Psychinfo",
        "PsychLit",
        "PSYCHInfo",
        "PsychoJS",
        "psychache",
        "PsychicVR",
        "NPSYCH",
        "PsychoAge",
        "psychenet",
        "Package psych",
        "R package",
        "PSYC",
        "R ‘psych",
        "R Software Packages psych",
        "PSYCHLOP",
        "R library psych",
        "PsychINfo",
        "psyche",
        "Psychlops",
        "“psych",
        "psych’ R package",
        "PsychCare",
        "PsychoPy2",
        "Package “psych” - R",
        "Psychopy2",
        "r package psych",
        "R psych library",
        "Psychopy3",
        "psychopy",
        "PsychPy",
        "PsychCore",
        "PSYCHIC",
        "psych R library",
        "PsychChip",
        "R-package ‘psych’",
        "PSYCHLAB",
        "Psychlit",
        "PsychBITE",
        "Psychpy",
        "psych R package",
        "R package: psych",
        "PsychData",
        "iPSYCH",
        "Psych R",
        "Psychmeta",
        "r-package psych",
        "PsychSIGN",
        "Psychorus",
        "PsychNET",
        "PsychGene",
        "package psych",
        "PsychSci",
        "R package ‘psych",
        "Psychlab",
        "PsychSocs",
        "PsychTest",
        "PsychMap",
        "Psychid",
        "psych Package",
        "PsychHID",
        "psych R-package",
        "PsychLab",
        "iPsych"
    ],
    "pvr": [
        "R-package PVR",
        "PVRI",
        "R package ‘PVR’",
        "R package “PVR"
    ],
    "pyafq": [
        ""
    ],
    "pymagnitude": [
        "magnitude"
    ],
    "pyphysio": [
        "PyPhy",
        "pyphy",
        "Physio",
        "pyphysio",
        "Pyphysio",
        "Pyphy"
    ],
    "pyqi": [
        ""
    ],
    "pytorch": [
        "Pytorch1",
        "PyTorch2",
        "PyTorch-1",
        "PyTorch3D",
        "PyTorch0",
        "pytorch",
        "PyTorch5",
        "PyTorch C",
        "pytorch-1",
        "PyTorch DL",
        "PytorchVideo",
        "PyTorch1",
        "PyTorch GPU",
        "PyTorch-NLP",
        "Pytorch3D",
        "Pytorch Adam",
        "Pytorch0",
        "Pytorch-0",
        "PyTorchVideo",
        "Pytorch-GPU",
        "pytorch1",
        "GPyTorch",
        "PyTorch-Kaldi"
    ],
    "pytplot": [
        ""
    ],
    "rbayesianoptimization": [
        "rBayesianOptimization",
        "R package “rBayesianOptimization”",
        "BayesianOptimization",
        "rBayesianoptimization"
    ],
    "rclinicalcodes": [
        "rClinicalCodes R",
        "ClinicalCodes"
    ],
    "rlidar": [
        "LiDAR"
    ],
    "readr": [
        "Read",
        "R packages readr",
        "readr R package",
        "readrr",
        "readr package",
        "read",
        "R package readr",
        "R-package readr"
    ],
    "relaimpo": [
        "R package “relaimpo”",
        "relaimpo",
        "relaimpo [R]",
        "r package relaimpo",
        "Relaimpo",
        "relaimp",
        "R-package relaimpo",
        "relaimpo R",
        "R package ‘relaimpo",
        "R package 'relaimpo'",
        "R package relaimpo",
        "relaimpo R package",
        "R “relaimpo",
        "relaimpo package",
        "R package ‘relaimpo’",
        "R package “relaimpo",
        "R library relaimpo"
    ],
    "requests": [
        "RequestWS",
        "Request",
        "python requests library",
        "Request a",
        "grequests",
        "requests",
        "Requests",
        "CRequest"
    ],
    "rglobi": [
        ""
    ],
    "rmarkdown": [
        "R-package rmarkdown",
        "markdown",
        "RMarkDown",
        "MarkDown",
        "rMarkdown",
        "Rmark",
        "RMark",
        "RMarkdown",
        "Markdown",
        "R/RMarkdown",
        "Rmarkdown",
        "rmarkdown",
        "R package rmarkdown"
    ],
    "sccatch": [
        "R package scCATCH"
    ],
    "scikit-learn": [
        "scikit-learn library for Python",
        "Python package scikit-learn",
        "scikit-learn33",
        "Scikit_learn",
        "Scikit‐Learn",
        "scikit-learn (Pedregosa",
        "Python scikit-learn package",
        "SCikit-learn",
        "Scikitlearn",
        "Scikit-learn0",
        "scitkit-learn",
        "ScikitLearn",
        "Scikit-Learn library",
        "Scikit‐learn",
        "Scikit-learn Library",
        "SciKitLearn",
        "SCiKit-learn",
        "Scikit-learn toolbox",
        "Scikit-learns",
        "scikit - learn",
        "scikit-learn8",
        "scikit-learn22",
        "scikit.learn",
        "Scikit-Learn Python",
        "Scikit-learn Python",
        "Scikit Learn",
        "scikit-learn Python Library",
        "Scikit–learn",
        "Scikit-learn package",
        "Python scikit-learn library",
        "SciKit-Learn library",
        "Scikit-learnv",
        "scikit-learn Python library package",
        "scikit-Learn",
        "Scikit-learn Toolbox",
        "scikit-learn Python package2223",
        "Python library scikit-learn",
        "scikit-learn (sklearn)",
        "Scikit-learn31",
        "scikit-multilearn",
        "scikit-learn Python package",
        "Scikit-learn python",
        "scikit-learn Developers",
        "scikitslearn",
        "scikitlearn",
        "Scikits-Learn",
        "sciki-learn",
        "scikit-lear",
        "scikit-learn10",
        "SciKit Learn",
        "scikit‐learn",
        "scikit-Iearn",
        "scikit-learn Python",
        "Scikit-learning",
        "scikit-learn estimator",
        "Scikit-Learn",
        "scikit-learn: machine learning in Python",
        "scikit-learn81",
        "scikit-learn API",
        "scikits-learn",
        "scikit-learn",
        "SciKit learn",
        "Scikit-learn library",
        "scikit-learning",
        "Scikit-Learn PCA",
        "Scikits-learn",
        "SciKit-learn",
        "Scitkit-learn",
        "Scikit-Learn/manifold",
        "Scikit-learn Package",
        "Scikit-Learn package",
        "Sciket-learn",
        "Scikit-Scikit-learn",
        "scikit-learn python library",
        "Scikit-learn29",
        "Sci-kit-learn",
        "Scikit-Learn Library",
        "Scikit-lean",
        "scikit-learn: machine learning in python",
        "Scikit-Learn Package",
        "scikit-learn-contrib",
        "Scikit-learn Pedregosa",
        "scikit_learn",
        "Sckit-learn",
        "Scikit-learn (Pedregosa",
        "sckit-learn",
        "Scikit Learn5",
        "Scikit-Learn.FastICA",
        "Python scikit-learn gridsearchCV",
        "scikit-learn2",
        "Sciket-Learn",
        "scikit-learn48",
        "scikit-learn R package",
        "scikit-learn python package",
        "Scitkit-Learn",
        "scikit -learn",
        "scikit-learn Pedregosa",
        "Scikit-learn (Machine",
        "Scikt-learn",
        "Scikit learn",
        "Scikit-Learn24",
        "scikit-learn Python package for",
        "scikit-learn Python library",
        "Scikit-Learn®",
        "Scikit-learn:",
        "scikit-learn CART",
        "scikit-learn library",
        "Scikit-Learn.PCA",
        "Scikit-learn”",
        "scikit learn",
        "sci-kit-learn",
        "Scikit-Iearn",
        "scikit-learn python",
        "Python scikit-learn",
        "Scikit-learn",
        "SciKit-Learn",
        "scikit-learn package",
        "Scikit–Learn",
        "2scikit-learn",
        "Scilit-learn"
    ],
    "sets": [
        "inhibitor of granzyme a-activated dnase",
        "Set",
        "hla-dr-associated protein ii",
        "set",
        "esets",
        "phapii",
        "sets",
        "template-activating factor i",
        "taf-i",
        "i-2pp2a",
        "SETSM",
        "protein set",
        "igaad",
        "SET",
        "phosphatase 2a inhibitor i2pp2a"
    ],
    "sfsmisc": [
        "R/sfsmisc",
        "sfsmisc R",
        "Package sfsmisc",
        "R package 'sfsmisc'",
        "sfsmisc R-package",
        "R package sfsmisc",
        "sfsmisc package",
        "R package “sfsmisc"
    ],
    "shiny": [
        "Shiny3",
        "shinylogs",
        "SHINY app",
        "ShinyNANO",
        "Shiny/R",
        "shiny.io",
        "ShinyGPA",
        "ShinyNGS",
        "Shinyjs",
        "ShinyGO®",
        "Shiny.r",
        "Shiny GUI",
        "Shiny-R",
        "shinyLi",
        "ShinyBN",
        "ShinyGO",
        "Shiny-Seq",
        "Shiny R",
        "glistening",
        "ShinyGo",
        "Rshiny",
        "shiny",
        "ShinySOM",
        "Shiny GAM",
        "shinyTree",
        "shinyGPA",
        "Shiny app",
        "shinyGEO",
        "ShinyIO",
        "RShiny",
        "shinystan",
        "shinyMA",
        "shinyApp",
        "glossy",
        "shinyngs",
        "shiny18",
        "Shiny-app",
        "Shiny Web",
        "Shiny App",
        "SHIN",
        "Shinymeta",
        "shinyBS",
        "R-package ‘shiny’",
        "ShinyR",
        "shinysky",
        "ShinyJS",
        "shinyDAG",
        "Shiny-GO",
        "shinyjs",
        "Shiny27",
        "ShinyAIM",
        "shiny R",
        "shinyFuse",
        "Shinystan",
        "shinyHTM",
        "ShinyApps",
        "ShinyLi",
        "SHINNY",
        "shinyAce",
        "ShinyGPAS",
        "ShinyGOv0",
        "shinyLi R",
        "SHINY R",
        "ShinyApp",
        "ShinyGeo",
        "ShinyStan",
        "R-package shiny",
        "shinyBN",
        "ShinyRGL",
        "ShinnyGO",
        "shinymeta",
        "ShinyGEO",
        "shinyAE",
        "Shiny-seq",
        "rshiny"
    ],
    "sklearn python": [
        "Sklearn of Python",
        "Sklearn Python",
        "sklearn Python",
        "sklearn Python package",
        "sklearn Python library",
        "sklearn.utils Python"
    ],
    "sklearn python package": [
        "hmmlearn Python package",
        "learn Python package37",
        "sklearn package",
        "sklearn Python",
        "sklearn Python package",
        "Nilearn Python package",
        "sklearn python package"
    ],
    "smnet": [
        "PSMNet",
        "MNET",
        "MNet"
    ],
    "snpready": [
        "snpReady",
        "r package snpReady",
        "SnpReady R",
        "snpReady R package",
        "SnpReady",
        "R package “snpReady",
        "R package snpReady",
        "snpReady package",
        "snpReady R"
    ],
    "spbayessurv": [
        "R package spBayesSurv",
        "spBayessurv",
        "spBayes",
        "spBayesSurv"
    ],
    "spacesxyz": [
        "space"
    ],
    "spektral": [
        "spektr",
        "Spektraris",
        "Spektral",
        "spektral",
        "Spektr"
    ],
    "sst": [
        "sstr",
        "SST+",
        "SSTW",
        "SST3",
        "SSTO",
        "sst2",
        "SSTF",
        "SST9",
        "SSTS",
        "SSTC",
        "SSTp",
        "SSTD",
        "SSTP",
        "SSTA",
        "SSTT",
        "SSTY",
        "SSTM",
        "SSTN",
        "SSTR",
        "sstl"
    ],
    "stars": [
        "STARS4ALL",
        "StarStim8",
        "TARS",
        "STAR",
        "STARSTIM",
        "stard1",
        "StarSolo",
        "luteinizing hormone-induced protein",
        "Starstim",
        "StarSpire",
        "Starsoft",
        "StarStim®",
        "StarSeach",
        "StarSpace",
        "STARSIL®",
        "STARsolo",
        "StAR",
        "star",
        "STARSolo",
        "Starseq®",
        "STaR",
        "STARRS",
        "stars",
        "STARSurg",
        "StarSeq",
        "Starst",
        "StarSEQ",
        "STARSIM",
        "steroidogenic acute regulatory protein",
        "(STARS",
        "STARshort",
        "StarStim",
        "starsolo",
        "STARSHIP",
        "StarStuff",
        "start domain-containing protein 1",
        "Starseq",
        "Star",
        "STARscan",
        "STARSEQ",
        "StARS®",
        "Stars4All",
        "StarScan",
        "STARRseq",
        "Starship",
        "Starstim®",
        "mitochondrial",
        "Stars4ALL"
    ],
    "stdreg": [
        "R-package stdReg"
    ],
    "strand": [
        "Strands",
        "Strand NGS",
        "STRAND®",
        "STRANG",
        "Strans",
        "strandCet",
        "Strand NGS®",
        "STRAND7",
        "strandBias",
        "strand NGS",
        "strandCet R",
        "StrandNGS",
        "Strand-seq",
        "Strandomics",
        "Strand –NGS",
        "STRAND NGS",
        "Strand7",
        "StrandNet",
        "Strand-NGS",
        "StrandOMS",
        "Strandseq",
        "Strand7®",
        "STRAND-Seq",
        "Strand-Seq",
        "Stra",
        "STRANDS",
        "Strand LS",
        "STRA",
        "Strand7 FEA",
        "STRand46",
        "H-Strand",
        "StrandOmics",
        "Stranded",
        "STRAND® NGS",
        "Strand-Rx"
    ],
    "stringr": [
        "StringGO",
        "stringr",
        "stringR",
        "stringr R package",
        "stringer",
        "stringDB",
        "StringDb",
        "String-d",
        "stringr19",
        "R package stringr",
        "String”",
        "stringi",
        "string",
        "String10",
        "String©",
        "String",
        "Strin",
        "string11",
        "String*",
        "stringdb",
        "Strings",
        "Stringi",
        "Stringdb",
        "StringDB"
    ],
    "summarytools": [
        "Summarytools",
        "Summary",
        "summary",
        "Summary Tools",
        "summarytools"
    ],
    "svunit": [
        ""
    ],
    "swirl": [
        "SWIR",
        "swirlify"
    ],
    "swirlify": [
        "swirl"
    ],
    "tandem": [
        "TanDEM-X",
        "ETANDEM",
        "Tandem-R",
        "TAND",
        "TandemSWAN",
        "X1Tandem",
        "eTandem",
        "Tandem2XML",
        "Tandem-X",
        "TandemTools",
        "rTANDEM",
        "TanDEM IDEM",
        "Tandem2",
        "rtandem",
        "etandem",
        "TandemUTR",
        "x!Tandem",
        "XTANDEM",
        "Xtandem!",
        "TandemSmart",
        "inTandem",
        "tandemMOAC",
        "XTandem",
        "E-tandem",
        "TandemHeart",
        "Tandemgenes",
        "X!TANDEM",
        "TanDEM-L",
        "XTandem!",
        "Etandem",
        "x!tandem",
        "X-Tandem",
        "Tandem-L",
        "xtandem",
        "ANDEM",
        "! Tandem",
        "MCtandem",
        "X!Tandem",
        "tandemquast",
        "TANDEM51",
        "X!tandem",
        "Xtandem",
        "TANDEM-IRI",
        "XITandem",
        "Tand",
        "TandemQuery",
        "Tandem!",
        "!TANDEM",
        "Tandem Play",
        "TAnDem.Plus",
        "TandemDupli",
        "TandemQUAST",
        "Tandem-HTRF"
    ],
    "tensorflow": [
        "Tensorflow Deeplab",
        "Tensorflow Serving",
        "TensorFlow-Keras",
        "Tensorflow",
        "TensorFloat",
        "Ten-sorFlow",
        "Ten-sorflow",
        "TensorFlow/Python",
        "tensorflowTM",
        "tensorflowlight",
        "Tensorflow_GPU",
        "Tensorflow1",
        "tensor flow",
        "TensorFlow15",
        "Tensorflow Library",
        "Tensorflow®",
        "TensorFlow JS",
        "tensorflow 2",
        "Tensorflow-gpu1",
        "TensoFlow",
        "tensorflow",
        "TensorFlow",
        "Tensorflow50",
        "Tensorflow-Hub",
        "Tensorflow-GPU",
        "TensorflowJS",
        "TensorFlow Keras",
        "TensorFlow DL",
        "TensorFlowLite",
        "Tensor-Flow",
        "RSTensorFlow",
        "TensorFlow_gpu1",
        "Tensorflow Keras",
        "Tensorflow GPU",
        "TensorFlow Light",
        "Tensorflow Hub",
        "tensorFlow",
        "tensorflow-gpu-2",
        "TensorFlow lite",
        "Tensorflow2",
        "Tensorflow API",
        "Tensorflow Lite",
        "TensorFlow/Keras",
        "Tensorflow-0",
        "Tensorflow ADADELTA",
        "TensorFlow API",
        "tensorflow2",
        "TensorFlow toolbox",
        "TENSOR",
        "Tensor Flow",
        "TensorFlow library",
        "TensorFlow Lite",
        "TensorFlow-GTP",
        "TensorFlow train",
        "tensowflow",
        "tensorflow API",
        "Tensor",
        "TensorFlow-GPU",
        "TensorFLow",
        "TensorflowHub",
        "TensorFlow NN",
        "TensforFlow",
        "rTensorflow",
        "Tensorflow.js",
        "Tensorflow ( Abadi",
        "TensorFlow keras",
        "TensorFlow-Slim",
        "tensorflowsharp",
        "TensorFlow Core",
        "tensorflow GPU",
        "TensorFlow DeepSurv",
        "TensorFlow SDK",
        "TensorFlow-gpu",
        "Tensorflow-Keras",
        "Tensorflow Python",
        "TensorFlow‐Gpu",
        "TensorFlow/Theano",
        "Tensorflow-hub",
        "TesnsorFlow",
        "TensorFlow (TF)",
        "Tensorflow library",
        "TensorFlow38",
        "tensorflow Python",
        "TensorFlow25",
        "tensorflow library",
        "Tensorflow Visor",
        "tensorflow-gpu",
        "TensorFlow Mobile",
        "TensorFlow-package",
        "TensorFlow1",
        "TensorFlow-lite",
        "tensorflow1",
        "Tensor flow",
        "TensorFlowTM",
        "Tensorflow-gpu",
        "TensorFlow2",
        "Tensorflow-addons",
        "TensorFlow13",
        "Tensorflow Mobile",
        "TensorFlow Eager",
        "TensorFlow11",
        "Tensorflow Demo",
        "Tensorfow",
        "TensorFlow GPU",
        "TensorFlow Hub",
        "tensorflow (keras)",
        "TensorFlow Lite for",
        "TensorFlow.js",
        "TensorflowLite",
        "TensorFlowPrivacy",
        "TensorFlow Python",
        "TensorFlow package",
        "TensorFlowSharp",
        "Tensorflow2/Keras",
        "Tensorflow-r0",
        "Tensorflows",
        "TensorFlow Serving",
        "Tensorflow-Lite",
        "Tensorflow lite",
        "Tensorflow/Keras",
        "Tensor-flow",
        "TensorFlow Fold",
        "Tensorflow Graphics"
    ],
    "tidyr": [
        "tidyr",
        "tidyr R package",
        "tidyr43",
        "R packages tidyr",
        "tidyr”",
        "tidy",
        "Tidy",
        "tidyr41",
        "package tidyr"
    ],
    "tidyverse": [
        "package tidyverse",
        "tidy-verse",
        "tidyverse-1",
        "tidyverse",
        "tidyverse bundle",
        "R package tidyverse",
        "R ‘tidyverse",
        "R package ‘tidyverse",
        "tidyverse package bundle",
        "tidyverse R",
        "tidyverselibrary",
        "tidy verse",
        "R tidyverse",
        "R ‘ tidyverse’",
        "R ‘tidyverse’ package",
        "R packages tidyverse",
        "R package ‘tidyverse’",
        "tidyverse package",
        "R library tidyverse",
        "tidyverse R package",
        "R package “tidyverse",
        "tidyverse library",
        "R tidyverse package",
        "R package “tidyverse”",
        "Tidyverse package",
        "R/tidyverse",
        "Tidyverse image",
        "Tidyverse R",
        "R Tidyverse",
        "tidyverse36",
        "tidyverse”",
        "Tidyverse"
    ],
    "tigerstats": [
        ""
    ],
    "treehouse": [
        "Treehouse CARE",
        "Treehouse",
        "Treehouse Maps",
        "Treehouse OCTAD",
        "treehouse"
    ],
    "tripal": [
        "TripalDock",
        "Trip",
        "TripalField",
        "TripalMap",
        "trip"
    ],
    "truncreg": [
        ""
    ],
    "tsutils": [
        ""
    ],
    "venn": [
        "3Venn",
        "JVenn",
        "jVenn",
        "PVENN",
        "Venny",
        "eVenn",
        "nVenn",
        "VENNy",
        "venny",
        "RVenn",
        "Venni",
        "venny2",
        "VEN",
        "VENNY2",
        "EVenn",
        "Ven",
        "JVENN",
        "Venny2",
        "Vennix",
        "venn3",
        "DVenn",
        "Vennt",
        "venn R",
        "VENNY",
        "pvenn",
        "Venncy",
        "jvenn",
        "Jvenn",
        "Venn2"
    ],
    "whoa": [
        ""
    ],
    "(star": [
        "(star",
        "STAR",
        "(START)",
        "steroidogenic acute regulatory protein, mitochondrial",
        "(STARS",
        "(STARDIT)",
        "(STARS)",
        "stard1",
        "(STARD",
        "luteinizing hormone-induced protein",
        "(STARMAPs",
        "(STAR)",
        "start domain-containing protein 1",
        "star"
    ],
    "biopandas": [],
    "biomark": [
        "BioMarts",
        "BIOMARKERY",
        "Biomarker",
        "BioMarker",
        "BIOMASAR",
        "BIOMART",
        "BioMarks",
        "BiomarC",
        "BIOMARIN",
        "BIOMARK HD",
        "BiomarC®",
        "BiomarkHD",
        "BiomarkeR",
        "BIOMARKAPD",
        "BioMark HD",
        "BIOMAR",
        "BiomarkR",
        "Biomark HD",
        "Biomark Chip",
        "BioMart",
        "Biomartr",
        "Biomark & EP1",
        "Biomarker2vec",
        "BioMA",
        "Biomarts",
        "BioMark R Bioconductor package",
        "BioMarKs",
        "BIOMARKER",
        "Biomarkers",
        "Biomart",
        "ImBioMark",
        "BIOMA",
        "R package BioMark",
        "BIOMARCS",
        "BioMART",
        "BioMarcs",
        "Biomark qPCR",
        "R BioMark package",
        "Biomarks",
        "BiomarkTM",
        "BioMar",
        "BioMarkTM"
    ],
    "factoshiny": [
        "FactoShiny R",
        "FactoShiny",
        "Factoshiny"
    ],
    "vhica": [],
    "hh": [
        "R package “HH”",
        "R package HH",
        "R package ‘HH’",
        "HH package",
        "R package “HH",
        "r package HH",
        "package HH",
        "R library HH"
    ],
    "locfit": [
        "R package ‘locfit",
        "locfit23",
        "R CRAN package locfit",
        "locfit R",
        "R package “locfit”",
        "Locfit30",
        "locfit R package",
        "R locfit",
        "R package locfit"
    ],
    "varsel": [
        "VarSelLCM R",
        "varSelRF",
        "varSelRf",
        "VARS",
        "R package varSel",
        "VarSelRF R",
        "VarSelRF",
        "varSelRF R",
        "VarSeq",
        "VarSelect",
        "VarSelRF)",
        "varSelMD",
        "VarSelLCM",
        "VarS",
        "VarSelfRF",
        "VARSELEC",
        "varSelfRF"
    ],
    "mvmeta": [
        "MVME",
        "R package “mvmeta",
        "s mvmeta",
        "R package mvmeta",
        "R package mvmeta (R Foundation for Statistical Computing)",
        "mvmeta1",
        "R mvmeta",
        "mvmeta_make"
    ],
    "speedglm": [
        "R package speedglm",
        "speedglm R package"
    ],
    "thief": [],
    "chngpt": [
        "R package “chngpt”",
        "R package chngpt"
    ],
    "esefinder": [
        "ESE Finder",
        "ESE-finder",
        "esefinder",
        "ESEfinder2",
        "ESE-Finder",
        "ESEfindera",
        "ESEF finder",
        "ESE finder",
        "ESEFinder2",
        "ESEfinder3",
        "exonic splicing enhancer finder"
    ],
    "genstat": [
        "GenStat11",
        "zGenStat",
        "GenStat7",
        "GenStatR",
        "GenStatR13th",
        "GenStar",
        "Genstats",
        "EIGENSTAT",
        "zGenStat1",
        "zGenstat1",
        "Genstar",
        "Genstatv18",
        "GenStat®",
        "Genstat19",
        "GenStart",
        "Genstat18",
        "GenStat18",
        "Genstat®",
        "GenstatTM",
        "Genstart",
        "Eigenstat",
        "GenStat14",
        "genstat",
        "GenStatM"
    ],
    "sam": [
        "sam®",
        "sam: significance analysis of microarrays",
        "Samr",
        "sAmy",
        "significance analysis of microarrays",
        "SAM1",
        "R package SAM",
        "SAMS",
        "samm",
        "SAMO",
        "sam",
        "Significance Analysis of Microarrays package (SAM",
        "SaMD",
        "SAMB",
        "SAMT",
        "SAMJ",
        "SAM+",
        "R SAM package",
        "Sama",
        "SAM®",
        "samR",
        "SAMF",
        "SAM)",
        "SAMQ",
        "SAMG",
        "Samo",
        "SamR",
        "SAMI",
        "SAM5",
        "SAM R",
        "Significance Analysis of Microarrays (SAM) package",
        "SAMN",
        "SAMV",
        "SaMi",
        "SAMC",
        "R package of SAM (SAMR)",
        "SAMi",
        "SaMI",
        "SAM R package",
        "SAM R-package",
        "SAML",
        "SAMr",
        "SAME",
        "Sami",
        "SAMR",
        "SAMD",
        "samT",
        "SAMs",
        "samr",
        "SAM: Significance Analysis of Microarrays",
        "SAMe",
        "SAMZ",
        "SAM0",
        "SAMU",
        "sam2",
        "SAMA",
        "R package SAM (significance",
        "SAM4",
        "Significance Analysis of Microarrays (SAM) R",
        "SAMY",
        "R SAM",
        "SAM (Significance Analysis of Microarray) R package",
        "SAMq",
        "SAMP",
        "sams",
        "SAM3",
        "Significance Analysis of Microarrays",
        "SamT",
        "SAM2",
        "R package significance analysis of microarray (SAM)",
        "SAMW",
        "Same",
        "SAMM",
        "R package, Significance analysis of microarray (SAM)",
        "SAM) R package"
    ],
    "spc": [
        "SPCQ",
        "sPCS",
        "sPCR",
        "SPCF",
        "SPCe",
        "SPCD",
        "SPCM",
        "spca",
        "SPCA",
        "SPCE",
        "SPCT",
        "SPCG",
        "spcr",
        "SPC)",
        "SPCL",
        "SPC5",
        "spci",
        "SPCB",
        "SPCO",
        "SPCN",
        "SPCI",
        "sPCA",
        "SPC2",
        "SPCR",
        "SPCC",
        "SPCH",
        "sPCT",
        "SPCP",
        "SPCS"
    ],
    "simulator": [
        "simulator (CVS)",
        "SimulatorAdapter",
        "simulator (CMS)",
        "C_Simulator",
        "Simulator 2",
        "Simulator (RSNNS)",
        "Simula",
        "ms simulator",
        "MSSimulator",
        "Simulator Omnet",
        "simula",
        "GWASIMULATOR",
        "Q simulator",
        "Simulator of",
        "H) simulator",
        "simulat",
        "Simulator for",
        "SN-simulator",
        "simulator (VTS)",
        "simulate",
        "XS simulator",
        "Simulator005r6",
        "Simulatort′",
        "Simulators Pool",
        "Simulated",
        "EM Simulator",
        "Simulator (SNNS)",
        "BioSimulator",
        "Simulator (SeaSim",
        "ISsimulator",
        "GWASimulator",
        "SIMULATE",
        "simulator (HFSS",
        "simulator.py",
        "Simulator of the",
        "SIMUL",
        "Pi Simulator",
        "simulator multi",
        "Simulator (HFSS",
        "Simulator Tool",
        "Pilsimulator",
        "simulator HFSS",
        "Simulator ns-3",
        "Simulator Chamber",
        "Simulator NS-3",
        "Simulator-Leica",
        "am simulator",
        "simulator (SACPS)",
        "Sim-emulators",
        "BitSimulator",
        "simulator (DAPS)",
        "Simulator (ABS",
        "SIMULA",
        "SimulatorTM",
        "QX Simulator",
        "Simulator Plug-in",
        "Simulator®",
        "MS-Simulator",
        "simulator (SCAPS)",
        "mysimulator",
        "CT Simulator",
        "Simulator (DCCS)",
        "Simulate",
        "simulator (HFSS)",
        "simulator)",
        "simulator_gan",
        "Python simulator for",
        "Simulator (CTS)",
        "Simulator (SPS)",
        "Simul",
        "in-simulator",
        "simulated",
        "simulator (IBIS",
        "SimulatorDemo",
        "IgSimulator",
        "Simulatortraining",
        "Simulator)",
        "LV Simulator",
        "simul",
        "simulator (RDSS)",
        "SIMulator of",
        "n1-simulator",
        "MR Simulator",
        "SIMulator",
        "Simulator 3D IRÎZ",
        "SH Simulator",
        "Simulators",
        "D3-simulator",
        "SIMULATE5",
        "LC Simulator",
        "Simulator GUI",
        "PN2Simulator",
        "AI Simulator",
        "Simulator (FAMOUS",
        "sIMulator",
        "simulator",
        "GWAsimulator",
        "gsimulator",
        "GSIMULATOR",
        "K-Simulator",
        "Simulator",
        "PG_simulator"
    ],
    "hfss": [
        "(HFSS",
        "HFSS)",
        "HFSSD",
        "HFSS®",
        "HFSS25",
        "HFSSM",
        "HFSSTM",
        "CHFSS",
        "HFS",
        "HFSS©"
    ],
    "catwalk": [
        "CatWalk XT",
        "CatWalk XTTM",
        "CatWalkTM XT",
        "CatwalkTM",
        "CatWalk gait",
        "CatwalkXT9",
        "CatWalkTM",
        "Catwalk®",
        "Catwalk X",
        "CatwalkXT",
        "Catwalk-XT",
        "CATWALK XT",
        "CatWalk (CW)",
        "Catwalk7",
        "CatWalk-XT",
        "CatWalkXT",
        "CatWalk®",
        "CatWalk 7",
        "Catwalk XT",
        "CatWalk XT®"
    ],
    "matlab": [
        "MatLab2",
        "Matlab XPC",
        "Matlab_BGL",
        "Matlab xPC®",
        "Matlab2010",
        "Matlab xPC",
        "MATLAB RGB",
        "MATLAB SIR",
        "MATLAB dtw",
        "MATLAB5",
        "Matlab2010b",
        "Matlab/DAQ",
        "Matlab®9",
        "MATLAB2010",
        "MATLAM",
        "Matlab-14a",
        "MATLAB-std",
        "MatlabHTK",
        "Matlab XCOV",
        "MATLAB NRT",
        "Matlab®2018",
        "Matlable",
        "MATLAB2011",
        "Matlab135",
        "MATLAB® GUI",
        "MATLAB2011a",
        "MatLab2020a",
        "Matlab12",
        "MATLABTrack",
        "MATLAB",
        "Matlab EDA",
        "MATLAB2008a",
        "Matlab2013a",
        "MATLAB NBS",
        "Matlab R",
        "Matlab Not",
        "MatlabR2016",
        "matlab7",
        "MATLAB®2017",
        "Matlab2007",
        "MATLAB LMI",
        "Matlab37",
        "Matlab61",
        "MatLab LSD",
        "MATLAB64",
        "MatLab ®",
        "Matlab4647",
        "Matlab/R",
        "Matlab®for",
        "Matlab39",
        "dMATLAB",
        "MATLAB BGL",
        "MATLAB-code",
        "MATLAB CVX",
        "Matlab®tool",
        "Matlab-API",
        "MatlabFns",
        "matlab_cool",
        "Matlab(tm)",
        "Matlab GUI",
        "Matlabs tic",
        "Matlab/C",
        "MatLab2018a",
        "MATLAB-inv",
        "Matlab File",
        "MATLAN",
        "MatLab2017a",
        "MatlabV9",
        "Matlab66",
        "MATLAB Java",
        "MatLab®2014",
        "matlab2009",
        "MATLAB2015",
        "Matlab LMI",
        "MATLAB2019",
        "MATLAB2010b",
        "Matlab DSS",
        "MATLAB38",
        "MatLabTM",
        "Matlab2018b",
        "MATLAB2018B",
        "Matlabf",
        "Matlab-2014",
        "Matlab44",
        "MATLAB xPC",
        "Matlab/GUI",
        "MATLAB R",
        "Matlab18b",
        "MatLAB©",
        "Matlab2020a",
        "MATLAB®code",
        "MATLAB3",
        "MATLAB®□",
        "MatLAB®",
        "MATLABtf",
        "Matlab®2017",
        "MATLABcode",
        "MATLAB-max",
        "MatlabCode",
        "Matlab RAND",
        "MATLAB-corr",
        "Matlab FFT",
        "MATLAB6",
        "Matlab8",
        "Matlab.mat",
        "Matlab/Data",
        "MATLAB/xPC",
        "MATLAB®®",
        "Matlab2015b",
        "Matlab*G",
        "Matlab5",
        "MATLAB/R",
        "MatLab2012a",
        "Matlab TRIM",
        "MATLAB Code",
        "MatLab GUI",
        "MatLabr",
        "MATLAB16",
        "Matlab2012",
        "Matlab GPML",
        "Matlab (R)",
        "MATLAB Demo",
        "MATLAB/C99",
        "MATLABŠs",
        "MatLab7",
        "MATLAB®-ODE",
        "MatLab-7",
        "Matlab2017",
        "Matlab tool",
        "Matlab®v7",
        "MATLAB cvx",
        "Matlab6",
        "Matlab code",
        "MATLAb",
        "MATLAB SQL",
        "MATLAB55",
        "Matlab2008",
        "MATLAB2016a",
        "MATLAB2018a",
        "MATLAB MCR",
        "matlab GUI",
        "MATLAB-SQP",
        "MATLAB/Win",
        "bfmatlab",
        "Matlab save",
        "MatlabR2018",
        "Matlab3",
        "GGMatlab",
        "MATLABR",
        "Matlab2013",
        "matlab_jet",
        "Matlabbatch",
        "MATLAB Lab",
        "Matlab12b",
        "Matlab-MTEX",
        "MATLAB2016b",
        "Matlab2cpp",
        "MATLAB STTC",
        "Matlab-2007",
        "Matlab Rev",
        "Matlab CoD",
        "Matlab HDSS",
        "Matlab2014",
        "Matlab EEMD",
        "MATLAB .mat",
        "MatLab2015a",
        "matlab_hot",
        "Matlabr",
        "MATLAB2009a",
        "Matlabworks",
        "Matlab2017a",
        "MATLAB16b",
        "Matlab7®",
        "MATLAB®2018",
        "MATLAB8",
        "MATLAB32",
        "Matlab2015a",
        "MatLabR2014",
        "Matlab live",
        "matlab NBS",
        "MATLAB GA",
        "MATLAB MEX",
        "Matlab2009b",
        "Matlab MEX",
        "Matlab2006b",
        "Matlab2018a",
        "MATLAB2020",
        "MATLABs",
        "MATLAB -The Language of Technical Computing",
        "MATLAB mex",
        "MATLABTM",
        "MATLAB40",
        "MATLAB SDK",
        "MATLAB-C++",
        "MatlabV7",
        "Matlab31",
        "pMATLAB",
        "MATLAB EFD",
        "Matlab ®",
        "pymatlab",
        "MATLAB CADE",
        "matlab2020a",
        "Matlab19b",
        "Matlab69",
        "Matlab ANN",
        "MATLAB® R",
        "Matlabs",
        "MATLAB2012a",
        "matlab_pet",
        "Matlab29",
        "Matlab PSOM",
        "MATLAB2014",
        "MATLAB®2015",
        "MATLAB49",
        "MatlabFIG",
        "MatLab2012b",
        "R-matlab",
        "Matlab2016a",
        "MATLABTB",
        "MATLAB ROC",
        "Matlab©ODE",
        "MATLAB®",
        "MATLAB QA",
        "MATLAB®6",
        "MATLAB(R",
        "Matlab ODES",
        "MATLAB13",
        "Matlab® xPC",
        "MATLAB/SPM8",
        "Matlab MAT",
        "MCmatlab",
        "MATLAB2014a",
        "MATLAB1",
        "MATLABNN",
        "MATLABtrack",
        "Matlab©®",
        "Matlab RL",
        "Matlab ODE",
        "MatLab ANN",
        "matlab2017b",
        "matlab®",
        "MATLAB2007b",
        "Matlab corr",
        "MatLab Beh",
        "Matlab-GUI",
        "MATLAB7",
        "Matlab2017b",
        "Matlab IDE",
        "MATLAB ©",
        "MatLab26",
        "Matlab CONV",
        "Matlab2010a",
        "MATLAAB",
        "Matlab28",
        "Matlab 5G",
        "matlab2016b",
        "Matlab2011a",
        "Matlab14",
        "MatLab®",
        "Matlab R14",
        "MATLAB44",
        "MATLAB2015a",
        "MATLAB API",
        "MATLAB9",
        "MATLAB/C",
        "MATLAB Apps",
        "Matlab/Cyt3",
        "MATLAB AB",
        "MATLAB2013b",
        "Matlab2",
        "matlabbatch",
        "matlab - the language of technical computing",
        "MatLab pmtm",
        "Matlab fft",
        "Matlab24",
        "MATLAB®13",
        "MATLAB (R",
        "MATLAB107",
        "MATLAB W",
        "Matlab ALRI",
        "matlab",
        "Matlab2014b",
        "MATLAB-R",
        "Matlab CGDS",
        "MatLab R",
        "Matlab R12",
        "Matlab® R",
        "MATLAB2018b",
        "MatlabR2013",
        "MATLAB GPML",
        "MATLAB PDE",
        "Matlab fir1",
        "MATLab®",
        "MATLAB tSNE",
        "MATLABR2009",
        "Matlab PDE",
        "MATLAB MAT",
        "Matlab®2016",
        "MATLAB Tool",
        "MATLAB25",
        "MATLAB2008b",
        "Matlab S",
        "MatLab Code",
        "Matlab PCA",
        "MATLAB HMM",
        "Matlab .mat",
        "MATLAB/RTW",
        "Matlab COM",
        "MatLab R12",
        "Matlab2013b",
        "MATLAB ML",
        "MATLAB2017a",
        "MATLAB YAML",
        "MATLAB rng",
        "Matlab2012a",
        "MATLAS",
        "MATLAB IDE",
        "Matlab PSE",
        "MatLab2019b",
        "MATLAP",
        "MATLAB Mex",
        "MATLAB nnmf",
        "MATLAB2008",
        "MATLAB ODE",
        "R.matlab",
        "MATLAB Mat",
        "MATLAB MEP",
        "MatLab code",
        "matlabweb",
        "MatlabV8",
        "Matlab16a",
        "MATLAB-CVX",
        "MATLABS",
        "MATLAB*G",
        "MATLAB ga",
        "Matlab App",
        "MATLAB26",
        "Matlab M",
        "Matlab2019b",
        "Matlab dtw",
        "MatLAB64",
        "MATLAB2009b",
        "MATLAB/ANN",
        "MATLABand",
        "Matlab/C#",
        "matlab-code",
        "Matlab51",
        "MATLAB ROS",
        "MATLAB GUI",
        "MATLAB App",
        "MATLABBGL",
        "MATLAB50",
        "Matlab2018",
        "MATLAB corr",
        "MATLAB PCTB",
        "MATLAB2019c",
        "MATLAB CPU",
        "MatLab BGL",
        "MatLab©",
        "Matlab GA",
        "MATLAB2014b",
        "Matlab2021a",
        "MATLAB code",
        "Matlabpool",
        "MATLAB®on",
        "matlab2012a",
        "MATLAB PCT",
        "MatLab©v",
        "Matlab15b",
        "Matlab35",
        "MATLAB cwt",
        "RBmatlab",
        "Matlab®2011",
        "MATLA",
        "Matlab eGUI",
        "MATLABOther",
        "MatlabTM",
        "MATLAB47",
        "MATLAB@2020",
        "Matlab GIS",
        "MatLabs",
        "MATLAB27",
        "MATLAB/AMPL",
        "MATLAB GNSS",
        "MATLAB2011b",
        "MATLAB2",
        "Matlab)",
        "Matlab®a",
        "MATLab©",
        "MATLAB/GPU",
        "Matlab42",
        "Matlab7",
        "MATLAB-2018",
        "Matlab.m",
        "Matlab-B",
        "Matlab m",
        "MATLAB2010a",
        "MatlabR2007",
        "MATLAB FDA",
        "MATLAB SPM",
        "MatlabBGL",
        "Matlab2008a",
        "MATLAB2012b",
        "Matlab©",
        "MATLAB®2016",
        "MATLAB.m",
        "Matlab CO",
        "MATLAB DIC",
        "Matlab2011b",
        "MATLAB®7",
        "matlab2cpp",
        "Matlab2019",
        "Matlab Ver",
        "Matlab API",
        "Matlab2009a",
        "Matlab .m",
        "Matlab2019a",
        "MATLAB BO",
        "MATLAB fast",
        "Matlab2015",
        "MATLAB2020a",
        "Matlab2Weka",
        "MatlabOther",
        "MATLABÒ",
        "MATLAB2007a",
        "matrix laboratory",
        "MATLAB2015b",
        "Matlab©code",
        "Matlab® FDA",
        "MatlabBP",
        "MATLAB2006a",
        "Matlab®21",
        "Matlab-7",
        "MATLAB71",
        "MATLAB45",
        "Matlab(R)",
        "MATLAB2019b",
        "Matlab SVM",
        "Matlab.fig",
        "MATLAB PIV",
        "MATLAB .m",
        "MATLAB CS",
        "MCMatlab",
        "MatlabStan",
        "pMatlab",
        "Matlabv",
        "Matlabcode",
        "MAATLAB",
        "MATLAB M",
        "Matlab pca",
        "MatLab2011",
        "MATLAB® SVM",
        "Matlab2009",
        "Matlab26",
        "matlab R",
        "MatlabR",
        "MATLABv8",
        "Matlab Code",
        "Matlab2011",
        "Matlab2012b",
        "Matlab SPM",
        "©MatLab",
        "MATLAB K",
        "MATLAB-GUI",
        "MATLAB2013",
        "MATLAB-C",
        "R/Matlab",
        "MATLAB/GNU",
        "Matlab jet",
        "MATLAB AD",
        "Matlab CWT",
        "MATLAB2017b",
        "MATLAB ANN",
        "Matlab-code",
        "Matlab BGL",
        "MATLAB GPU",
        "Matlab14b",
        "Matlab33",
        "MATLAB®ODE",
        "MATLAB DGN",
        "Matlab2016b",
        "MATLAB/MIJ",
        "MatlabVR",
        "Matlab ©",
        "MATLAB REST",
        "R/MATLAB",
        "MATLAB2007",
        "matlabs",
        "MatlabR2012",
        "Matlab46",
        "MATLAB app",
        "MATLAB2020b",
        "Matlad",
        "MatlabTrack",
        "MatLabR",
        "Matlab mex",
        "MATLAB-7",
        "Matlab app",
        "Matlab34",
        "MATLAB35",
        "Matlab Soft",
        "MatLab2019a",
        "MATLAB TE",
        "Matlab/SPM",
        "MATLAB2016",
        "m Matlab",
        "ATLAB",
        "MATLAB41",
        "MATLAB ®",
        "Matlab2016",
        "MatlabTFCE",
        "Matlab2014a",
        "Matlab201",
        "MATLAB®max",
        "Matlab6p5",
        "Matlab xor",
        "MATLAB2018",
        "Matlab MCR",
        "Matlab-5",
        "Matlab SOFI",
        "MatLabv",
        "MATL",
        "MATLAB©",
        "Matlab-SPM",
        "MatlabMPI",
        "Matlab9",
        "MATLAB2019a",
        "MATLAB48",
        "MATLAB2013a",
        "Matlab®"
    ],
    "aliquot": [
        "AliquotSize",
        "Aliquots",
        "AliquotG"
    ],
    "jenga": [
        "Jenga®",
        "Jeng",
        "Jenga©"
    ],
    "axe": [
        "Axed",
        "axe",
        "Axel",
        "axe-demultiplexer",
        "AXER",
        "AXES",
        "AXEF",
        "Axeq",
        "Axes"
    ],
    "ecopy": [
        "copy"
    ],
    "libensemble": [
        "ensemble"
    ],
    "stringdb": [
        "STRING-DB",
        "string-db",
        "String-DB",
        "stringr",
        "R Bioconductor package “STRINGdb”",
        "stringR",
        "STRING©",
        "STRING9",
        "String DB",
        "STRING®",
        "STRINGdb package",
        "stringdist",
        "STRING-db",
        "STRING_DB",
        "String Db",
        "stringDB",
        "STRINGdb R package",
        "STRINGs",
        "string-DB",
        "StringDb",
        "STRIN",
        "Strings-db",
        "Stringdist",
        "RINGdb",
        "STRINGdb Bioconductor library",
        "R STRINGdb",
        "String”",
        "STRING",
        "stringi",
        "STRINGH",
        "String-db",
        "string",
        "Stringr",
        "STRING DB",
        "STRINGdb R",
        "String.db",
        "STRING:",
        "String©",
        "R package “STRINGdb",
        "STRINGdb Bioconductor",
        "STRING8",
        "String",
        "STRINGS",
        "R package STRINGdb",
        "R/Bioconductor package STRINGdb",
        "STRING db",
        "Strin",
        "string db",
        "R packages STRINGdb",
        "STRING.db",
        "STRINGdb” R-package",
        "STRING)",
        "String db",
        "String*",
        "STRINGDB API",
        "stringdb",
        "Strings",
        "R package “STRINGdb”",
        "R-package STRINGdb",
        "Stringi",
        "Stringdb",
        "STRINGdb” R package",
        "StringDB",
        "STRING1",
        "STRINGdp",
        "STRINGdb25"
    ],
    "webias": [],
    "plottools": [],
    "imagery": [
        "Imageer",
        "ImageQuerying",
        "imager",
        "image",
        "Imager4",
        "IMAGER",
        "Imagerie",
        "Imager®",
        "IMAGE",
        "Imagery Soft",
        "QImagery",
        "Imagery©",
        "imager R",
        "Imager3",
        "Imager5",
        "Imager J",
        "Imager",
        "Image"
    ],
    "pycsa": []
}