phase,model,metrics_used,precision,recall,f1
CV,Logistic Regression,name_metric,0.5807792207792207,0.9355648535564853,0.7166666666666667
CV,Random Forest,name_metric,0.6564277588168373,0.9656903765690377,0.7815780562140197
CV,XGBoost,name_metric,0.6461710452766909,0.9673640167364017,0.774798927613941
CV,LightGBM,name_metric,0.6492704826038159,0.9682008368200837,0.777292576419214
CV,Neural Net,name_metric,0.6839152119700748,0.9179916317991632,0.7838513754912468
Test,Logistic Regression,name_metric,0.5670731707317073,0.9331103678929766,0.7054361567635904
Test,Random Forest,name_metric,0.6373626373626373,0.9698996655518395,0.7692307692307693
Test,XGBoost,name_metric,0.6345733041575492,0.9698996655518395,0.7671957671957672
Test,LightGBM,name_metric,0.6176470588235294,0.9832775919732442,0.7587096774193548
Test,Neural Net,name_metric,0.6440281030444965,0.919732441471572,0.7575757575757576
CV,Logistic Regression,paragraph_metric,0.4028301886792453,0.7146443514644352,0.5152337858220211
CV,Random Forest,paragraph_metric,0.35396039603960394,0.35899581589958157,0.35646032405484007
CV,XGBoost,paragraph_metric,0.3745629370629371,0.7171548117154811,0.4921045076083836
CV,LightGBM,paragraph_metric,0.384852487890797,0.7313807531380753,0.5043277553375649
CV,Neural Net,paragraph_metric,0.5852534562211982,0.2125523012552301,0.3118477593615715
Test,Logistic Regression,paragraph_metric,0.41922290388548056,0.68561872909699,0.5203045685279187
Test,Random Forest,paragraph_metric,0.37623762376237624,0.38127090301003347,0.3787375415282392
Test,XGBoost,paragraph_metric,0.3793103448275862,0.6989966555183946,0.49176470588235294
Test,LightGBM,paragraph_metric,0.3892857142857143,0.7290969899665551,0.5075669383003493
Test,Neural Net,paragraph_metric,0.6126126126126126,0.22742474916387959,0.33170731707317075
CV,Logistic Regression,language_metric,0.40733590733590735,0.5297071129707113,0.46053110221898874
CV,Random Forest,language_metric,0.41345525800130634,0.5297071129707113,0.4644167278063096
CV,XGBoost,language_metric,0.41345525800130634,0.5297071129707113,0.4644167278063096
CV,LightGBM,language_metric,0.41291585127201563,0.5297071129707113,0.4640762463343108
CV,Neural Net,language_metric,0.0,0.0,0.0
Test,Logistic Regression,language_metric,0.42782152230971127,0.5451505016722408,0.47941176470588237
Test,Random Forest,language_metric,0.43351063829787234,0.5451505016722408,0.482962962962963
Test,XGBoost,language_metric,0.43351063829787234,0.5451505016722408,0.482962962962963
Test,LightGBM,language_metric,0.43351063829787234,0.5451505016722408,0.482962962962963
Test,Neural Net,language_metric,0.0,0.0,0.0
CV,Logistic Regression,synonym_metric,0.34615384615384615,0.7380753138075313,0.4712797221480096
CV,Random Forest,synonym_metric,0.6242390702822358,0.9439330543933054,0.7514990006662225
CV,XGBoost,synonym_metric,0.5171281088690756,0.9221757322175732,0.6626578472639808
CV,LightGBM,synonym_metric,0.514642342774844,0.897071129707113,0.6540573520439292
CV,Neural Net,synonym_metric,0.5330132052821128,0.37154811715481173,0.4378698224852071
Test,Logistic Regression,synonym_metric,0.33484848484848484,0.7391304347826086,0.4608967674661105
Test,Random Forest,synonym_metric,0.5859213250517599,0.9464882943143813,0.7237851662404092
Test,XGBoost,synonym_metric,0.46632124352331605,0.903010033444816,0.6150341685649203
Test,LightGBM,synonym_metric,0.5027124773960217,0.9297658862876255,0.6525821596244131
Test,Neural Net,synonym_metric,0.53,0.35451505016722407,0.4248496993987976
CV,Logistic Regression,keywords_metric,0.3895378364652108,0.6418410041841004,0.48482932996207334
CV,Random Forest,keywords_metric,0.32966101694915256,0.32552301255230126,0.327578947368421
CV,XGBoost,keywords_metric,0.35330396475770925,0.6711297071129707,0.4629148629148629
CV,LightGBM,keywords_metric,0.35404814004376367,0.6769874476987447,0.4649425287356322
CV,Neural Net,keywords_metric,0.3902439024390244,0.013389121338912133,0.025889967637540454
Test,Logistic Regression,keywords_metric,0.37449392712550605,0.6187290969899666,0.4665825977301387
Test,Random Forest,keywords_metric,0.2764505119453925,0.2709030100334448,0.27364864864864863
Test,XGBoost,keywords_metric,0.3519163763066202,0.6755852842809364,0.4627720504009164
Test,LightGBM,keywords_metric,0.35727109515260325,0.6655518394648829,0.4649532710280374
Test,Neural Net,keywords_metric,0.6363636363636364,0.046822742474916385,0.08722741433021806
CV,Logistic Regression,author_metric,0.27601809954751133,0.30627615062761504,0.2903609678698929
CV,Random Forest,author_metric,0.39267015706806285,0.4393305439330544,0.4146919431279621
CV,XGBoost,author_metric,0.28844444444444445,0.5430962343096234,0.37677793904209
CV,LightGBM,author_metric,0.3049261083743842,0.5179916317991632,0.3838759689922481
CV,Neural Net,author_metric,0.7480916030534351,0.08200836820083682,0.1478129713423831
Test,Logistic Regression,author_metric,0.2610062893081761,0.27759197324414714,0.26904376012965964
Test,Random Forest,author_metric,0.359375,0.38461538461538464,0.3715670436187399
Test,XGBoost,author_metric,0.30919765166340507,0.5284280936454849,0.39012345679012345
Test,LightGBM,author_metric,0.3313953488372093,0.5719063545150501,0.4196319018404908
Test,Neural Net,author_metric,0.6875,0.07357859531772576,0.13293051359516617
CV,Logistic Regression,"name_metric,paragraph_metric",0.5977011494252874,0.9138075313807531,0.7227001985440106
CV,Random Forest,"name_metric,paragraph_metric",0.7573913043478261,0.7288702928870293,0.7428571428571429
CV,XGBoost,"name_metric,paragraph_metric",0.7416998671978752,0.9347280334728033,0.8271010736764162
CV,LightGBM,"name_metric,paragraph_metric",0.7422133863485753,0.9372384937238494,0.8284023668639053
CV,Neural Net,"name_metric,paragraph_metric",0.7860882572924458,0.8794979079497908,0.830173775671406
Test,Logistic Regression,"name_metric,paragraph_metric",0.5982905982905983,0.9364548494983278,0.7301173402868318
Test,Random Forest,"name_metric,paragraph_metric",0.725752508361204,0.725752508361204,0.725752508361204
Test,XGBoost,"name_metric,paragraph_metric",0.7171717171717171,0.9498327759197325,0.8172661870503597
Test,LightGBM,"name_metric,paragraph_metric",0.7153465346534653,0.9665551839464883,0.8221906116642959
Test,Neural Net,"name_metric,paragraph_metric",0.7741935483870968,0.882943143812709,0.825
CV,Logistic Regression,"name_metric,language_metric",0.5623052959501558,0.906276150627615,0.694008330663249
CV,Random Forest,"name_metric,language_metric",0.7395561357702349,0.9481171548117154,0.830949761642831
CV,XGBoost,"name_metric,language_metric",0.7316129032258064,0.9489539748953975,0.8262295081967214
CV,LightGBM,"name_metric,language_metric",0.7254150702426565,0.9506276150627615,0.8228902571532054
CV,Neural Net,"name_metric,language_metric",0.7569296375266524,0.891213389121339,0.8186010760953113
Test,Logistic Regression,"name_metric,language_metric",0.5679012345679012,0.9230769230769231,0.7031847133757961
Test,Random Forest,"name_metric,language_metric",0.7225,0.9665551839464883,0.82689556509299
Test,XGBoost,"name_metric,language_metric",0.7160493827160493,0.9698996655518395,0.8238636363636364
Test,LightGBM,"name_metric,language_metric",0.7196029776674938,0.9698996655518395,0.8262108262108262
Test,Neural Net,"name_metric,language_metric",0.7417582417582418,0.903010033444816,0.8144796380090498
CV,Logistic Regression,"name_metric,synonym_metric",0.5756951596292482,0.9355648535564853,0.712782913611731
CV,Random Forest,"name_metric,synonym_metric",0.7377577319587629,0.9581589958158996,0.833636694575901
CV,XGBoost,"name_metric,synonym_metric",0.7214022140221402,0.9815899581589959,0.8316199929103155
CV,LightGBM,"name_metric,synonym_metric",0.7171903881700554,0.9740585774058578,0.8261178140525195
CV,Neural Net,"name_metric,synonym_metric",0.6800254452926209,0.8945606694560669,0.7726779906035417
Test,Logistic Regression,"name_metric,synonym_metric",0.5568862275449101,0.9331103678929766,0.6975
Test,Random Forest,"name_metric,synonym_metric",0.6958637469586375,0.9565217391304348,0.8056338028169014
Test,XGBoost,"name_metric,synonym_metric",0.6824644549763034,0.9632107023411371,0.7988904299583911
Test,LightGBM,"name_metric,synonym_metric",0.6790697674418604,0.9765886287625418,0.8010973936899863
Test,Neural Net,"name_metric,synonym_metric",0.6460807600950119,0.9096989966555183,0.7555555555555555
CV,Logistic Regression,"name_metric,keywords_metric",0.5862970711297071,0.9380753138075314,0.7215963952365626
CV,Random Forest,"name_metric,keywords_metric",0.7420212765957447,0.700418410041841,0.720619888075764
CV,XGBoost,"name_metric,keywords_metric",0.727741935483871,0.9439330543933054,0.8218579234972677
CV,LightGBM,"name_metric,keywords_metric",0.7249357326478149,0.9439330543933054,0.8200654307524536
CV,Neural Net,"name_metric,keywords_metric",0.764792899408284,0.8652719665271966,0.811935610522183
Test,Logistic Regression,"name_metric,keywords_metric",0.5679513184584178,0.9364548494983278,0.7070707070707071
Test,Random Forest,"name_metric,keywords_metric",0.7013422818791947,0.6989966555183946,0.7001675041876047
Test,XGBoost,"name_metric,keywords_metric",0.707196029776675,0.9531772575250836,0.811965811965812
Test,LightGBM,"name_metric,keywords_metric",0.7022332506203474,0.9464882943143813,0.8062678062678063
Test,Neural Net,"name_metric,keywords_metric",0.7391304347826086,0.8528428093645485,0.7919254658385093
CV,Logistic Regression,"name_metric,author_metric",0.5979926043317485,0.9472803347280335,0.7331606217616581
CV,Random Forest,"name_metric,author_metric",0.7493775933609959,0.7556485355648536,0.7525
CV,XGBoost,"name_metric,author_metric",0.6923076923076923,0.9489539748953975,0.800564772326156
CV,LightGBM,"name_metric,author_metric",0.6937537901758641,0.9573221757322176,0.8045007032348804
CV,Neural Net,"name_metric,author_metric",0.7037990985189955,0.9146443514644351,0.7954876273653566
Test,Logistic Regression,"name_metric,author_metric",0.5760649087221096,0.9498327759197325,0.7171717171717171
Test,Random Forest,"name_metric,author_metric",0.7284345047923323,0.7625418060200669,0.7450980392156863
Test,XGBoost,"name_metric,author_metric",0.6544622425629291,0.9565217391304348,0.7771739130434783
Test,LightGBM,"name_metric,author_metric",0.6537585421412301,0.959866220735786,0.7777777777777778
Test,Neural Net,"name_metric,author_metric",0.6633165829145728,0.882943143812709,0.757532281205165
CV,Logistic Regression,"paragraph_metric,language_metric",0.4228126431516262,0.7723849372384938,0.5464772054470101
CV,Random Forest,"paragraph_metric,language_metric",0.40402347024308466,0.40334728033472805,0.4036850921273032
CV,XGBoost,"paragraph_metric,language_metric",0.4104783599088838,0.7539748953974895,0.5315634218289086
CV,LightGBM,"paragraph_metric,language_metric",0.40540540540540543,0.7782426778242678,0.5331040412725709
CV,Neural Net,"paragraph_metric,language_metric",0.5819295558958653,0.3179916317991632,0.41125541125541126
Test,Logistic Regression,"paragraph_metric,language_metric",0.463855421686747,0.7725752508361204,0.5796737766624843
Test,Random Forest,"paragraph_metric,language_metric",0.40492957746478875,0.38461538461538464,0.39451114922813035
Test,XGBoost,"paragraph_metric,language_metric",0.4291044776119403,0.7692307692307693,0.5508982035928144
Test,LightGBM,"paragraph_metric,language_metric",0.42723880597014924,0.7658862876254181,0.548502994011976
Test,Neural Net,"paragraph_metric,language_metric",0.5925925925925926,0.26755852842809363,0.3686635944700461
CV,Logistic Regression,"paragraph_metric,synonym_metric",0.44226044226044225,0.7531380753138075,0.5572755417956656
CV,Random Forest,"paragraph_metric,synonym_metric",0.7277726856095326,0.6644351464435146,0.694663167104112
CV,XGBoost,"paragraph_metric,synonym_metric",0.6648793565683646,0.8301255230125523,0.7383699292891701
CV,LightGBM,"paragraph_metric,synonym_metric",0.6491228070175439,0.8669456066945607,0.7423862414905052
CV,Neural Net,"paragraph_metric,synonym_metric",0.6619718309859155,0.4326359832635983,0.5232793522267206
Test,Logistic Regression,"paragraph_metric,synonym_metric",0.4553014553014553,0.7324414715719063,0.5615384615384615
Test,Random Forest,"paragraph_metric,synonym_metric",0.7202797202797203,0.6889632107023411,0.7042735042735043
Test,XGBoost,"paragraph_metric,synonym_metric",0.6268656716417911,0.842809364548495,0.7189728958630528
Test,LightGBM,"paragraph_metric,synonym_metric",0.6675126903553299,0.8795986622073578,0.759018759018759
Test,Neural Net,"paragraph_metric,synonym_metric",0.6802325581395349,0.391304347826087,0.4968152866242038
CV,Logistic Regression,"paragraph_metric,keywords_metric",0.41735336888027147,0.7205020920502092,0.5285451197053407
CV,Random Forest,"paragraph_metric,keywords_metric",0.44607843137254904,0.30460251046025105,0.36200895077076084
CV,XGBoost,"paragraph_metric,keywords_metric",0.3907793633369923,0.59581589958159,0.47199204507789194
CV,LightGBM,"paragraph_metric,keywords_metric",0.3849431818181818,0.6803347280334728,0.49168430601753854
CV,Neural Net,"paragraph_metric,keywords_metric",0.5717213114754098,0.23347280334728032,0.3315508021390374
Test,Logistic Regression,"paragraph_metric,keywords_metric",0.42355371900826444,0.68561872909699,0.5236270753512133
Test,Random Forest,"paragraph_metric,keywords_metric",0.41545893719806765,0.28762541806020064,0.33992094861660077
Test,XGBoost,"paragraph_metric,keywords_metric",0.39828693790149894,0.6220735785953178,0.4856396866840731
Test,LightGBM,"paragraph_metric,keywords_metric",0.4058252427184466,0.6989966555183946,0.5135135135135135
Test,Neural Net,"paragraph_metric,keywords_metric",0.5555555555555556,0.23411371237458195,0.32941176470588235
CV,Logistic Regression,"paragraph_metric,author_metric",0.4218289085545723,0.7179916317991631,0.5314338804583463
CV,Random Forest,"paragraph_metric,author_metric",0.4938423645320197,0.33556485355648535,0.3996013951170902
CV,XGBoost,"paragraph_metric,author_metric",0.41313432835820896,0.5790794979079498,0.48222996515679445
CV,LightGBM,"paragraph_metric,author_metric",0.4183727034120735,0.6669456066945607,0.5141935483870967
CV,Neural Net,"paragraph_metric,author_metric",0.6259259259259259,0.2828451882845188,0.38962536023054756
Test,Logistic Regression,"paragraph_metric,author_metric",0.44,0.6989966555183946,0.5400516795865633
Test,Random Forest,"paragraph_metric,author_metric",0.5561224489795918,0.36454849498327757,0.4404040404040404
Test,XGBoost,"paragraph_metric,author_metric",0.43896713615023475,0.6254180602006689,0.5158620689655172
Test,LightGBM,"paragraph_metric,author_metric",0.42248062015503873,0.7290969899665551,0.5349693251533743
Test,Neural Net,"paragraph_metric,author_metric",0.6371681415929203,0.2408026755852843,0.34951456310679613
CV,Logistic Regression,"language_metric,synonym_metric",0.39643463497453313,0.7815899581589958,0.5260490002816108
CV,Random Forest,"language_metric,synonym_metric",0.6941992433795713,0.9213389121338912,0.7918015102481122
CV,XGBoost,"language_metric,synonym_metric",0.6013325930038868,0.906276150627615,0.7229639519359146
CV,LightGBM,"language_metric,synonym_metric",0.6015801354401806,0.8920502092050209,0.7185709470845972
CV,Neural Net,"language_metric,synonym_metric",0.7537796976241901,0.2920502092050209,0.4209891435464415
Test,Logistic Regression,"language_metric,synonym_metric",0.4003322259136213,0.8060200668896321,0.5349611542730299
Test,Random Forest,"language_metric,synonym_metric",0.6804878048780488,0.9331103678929766,0.7870239774330042
Test,XGBoost,"language_metric,synonym_metric",0.5908096280087527,0.903010033444816,0.7142857142857143
Test,LightGBM,"language_metric,synonym_metric",0.6048034934497817,0.9264214046822743,0.7318361955085865
Test,Neural Net,"language_metric,synonym_metric",0.8275862068965517,0.2408026755852843,0.37305699481865284
CV,Logistic Regression,"language_metric,keywords_metric",0.40666362391602007,0.7456066945606694,0.5262847017129356
CV,Random Forest,"language_metric,keywords_metric",0.3870192307692308,0.40418410041841,0.3954154727793696
CV,XGBoost,"language_metric,keywords_metric",0.39297272306981046,0.7112970711297071,0.5062537224538416
CV,LightGBM,"language_metric,keywords_metric",0.4,0.7564853556485356,0.5232995658465991
CV,Neural Net,"language_metric,keywords_metric",0.6170212765957447,0.24267782426778242,0.3483483483483483
Test,Logistic Regression,"language_metric,keywords_metric",0.41825095057034223,0.7357859531772575,0.5333333333333333
Test,Random Forest,"language_metric,keywords_metric",0.3724137931034483,0.3612040133779264,0.366723259762309
Test,XGBoost,"language_metric,keywords_metric",0.40441176470588236,0.7357859531772575,0.5219454329774614
Test,LightGBM,"language_metric,keywords_metric",0.4043321299638989,0.7491638795986622,0.5252051582649473
Test,Neural Net,"language_metric,keywords_metric",0.646551724137931,0.2508361204013378,0.3614457831325301
CV,Logistic Regression,"language_metric,author_metric",0.4134675896790434,0.5497907949790795,0.47198275862068967
CV,Random Forest,"language_metric,author_metric",0.4119047619047619,0.43430962343096235,0.42281059063136456
CV,XGBoost,"language_metric,author_metric",0.36236766121270453,0.6301255230125523,0.46012832263978004
CV,LightGBM,"language_metric,author_metric",0.3757632691404415,0.6694560669456067,0.4813477737665463
CV,Neural Net,"language_metric,author_metric",0.7241379310344828,0.08786610878661087,0.15671641791044777
Test,Logistic Regression,"language_metric,author_metric",0.43828715365239296,0.5819397993311036,0.5
Test,Random Forest,"language_metric,author_metric",0.47297297297297297,0.4682274247491639,0.47058823529411764
Test,XGBoost,"language_metric,author_metric",0.39096267190569745,0.6655518394648829,0.49257425742574257
Test,LightGBM,"language_metric,author_metric",0.3911368015414258,0.6789297658862876,0.4963325183374083
Test,Neural Net,"language_metric,author_metric",0.71875,0.07692307692307693,0.13897280966767372
CV,Logistic Regression,"synonym_metric,keywords_metric",0.4302496328928047,0.7355648535564854,0.5429277331686226
CV,Random Forest,"synonym_metric,keywords_metric",0.7413962635201573,0.6309623430962343,0.6817359855334539
CV,XGBoost,"synonym_metric,keywords_metric",0.6508994003997335,0.8175732217573222,0.7247774480712166
CV,LightGBM,"synonym_metric,keywords_metric",0.6313479623824452,0.8426778242677824,0.7218637992831541
CV,Neural Net,"synonym_metric,keywords_metric",0.6198044009779952,0.42426778242677826,0.503725782414307
Test,Logistic Regression,"synonym_metric,keywords_metric",0.42168674698795183,0.7023411371237458,0.5269761606022585
Test,Random Forest,"synonym_metric,keywords_metric",0.73828125,0.6321070234113713,0.6810810810810811
Test,XGBoost,"synonym_metric,keywords_metric",0.6206030150753769,0.8260869565217391,0.7087517934002869
Test,LightGBM,"synonym_metric,keywords_metric",0.656084656084656,0.8294314381270903,0.7326440177252584
Test,Neural Net,"synonym_metric,keywords_metric",0.6078431372549019,0.41471571906354515,0.49304174950298213
CV,Logistic Regression,"synonym_metric,author_metric",0.36997096640398175,0.7464435146443514,0.4947310038824182
CV,Random Forest,"synonym_metric,author_metric",0.7712418300653595,0.6912133891213389,0.7290379523389232
CV,XGBoost,"synonym_metric,author_metric",0.6363044892648015,0.8184100418410042,0.7159590043923866
CV,LightGBM,"synonym_metric,author_metric",0.6020656136087484,0.8292887029288702,0.6976416754663851
CV,Neural Net,"synonym_metric,author_metric",0.6030534351145038,0.3305439330543933,0.42702702702702705
Test,Logistic Regression,"synonym_metric,author_metric",0.3523809523809524,0.7424749163879598,0.47793326157158234
Test,Random Forest,"synonym_metric,author_metric",0.725925925925926,0.6555183946488294,0.6889279437609842
Test,XGBoost,"synonym_metric,author_metric",0.5597189695550351,0.7993311036789298,0.6584022038567493
Test,LightGBM,"synonym_metric,author_metric",0.5947867298578199,0.8394648829431438,0.6962552011095701
Test,Neural Net,"synonym_metric,author_metric",0.5813953488372093,0.33444816053511706,0.42462845010615713
CV,Logistic Regression,"keywords_metric,author_metric",0.4093536521282186,0.6518828451882845,0.5029051000645578
CV,Random Forest,"keywords_metric,author_metric",0.4769433465085639,0.302928870292887,0.3705220061412487
CV,XGBoost,"keywords_metric,author_metric",0.41074626865671643,0.5757322175732218,0.4794425087108014
CV,LightGBM,"keywords_metric,author_metric",0.4059003051881994,0.6677824267782427,0.5049035115469788
CV,Neural Net,"keywords_metric,author_metric",0.675,0.13556485355648534,0.22578397212543555
Test,Logistic Regression,"keywords_metric,author_metric",0.3883089770354906,0.6220735785953178,0.4781491002570694
Test,Random Forest,"keywords_metric,author_metric",0.3886255924170616,0.27424749163879597,0.3215686274509804
Test,XGBoost,"keywords_metric,author_metric",0.38724373576309795,0.568561872909699,0.46070460704607047
Test,LightGBM,"keywords_metric,author_metric",0.39410681399631675,0.7157190635451505,0.5083135391923991
Test,Neural Net,"keywords_metric,author_metric",0.6190476190476191,0.13043478260869565,0.2154696132596685
CV,Logistic Regression,"name_metric,paragraph_metric,language_metric",0.6038997214484679,0.907112970711297,0.7250836120401338
CV,Random Forest,"name_metric,paragraph_metric,language_metric",0.8184931506849316,0.8,0.8091409225560728
CV,XGBoost,"name_metric,paragraph_metric,language_metric",0.784452296819788,0.9288702928870293,0.8505747126436781
CV,LightGBM,"name_metric,paragraph_metric,language_metric",0.7869198312236287,0.9364016736401674,0.8551776843714176
CV,Neural Net,"name_metric,paragraph_metric,language_metric",0.8273950910530483,0.8744769874476988,0.8502847843775427
Test,Logistic Regression,"name_metric,paragraph_metric,language_metric",0.6186252771618626,0.9331103678929766,0.744
Test,Random Forest,"name_metric,paragraph_metric,language_metric",0.8075601374570447,0.7859531772575251,0.7966101694915254
Test,XGBoost,"name_metric,paragraph_metric,language_metric",0.7865168539325843,0.9364548494983278,0.8549618320610687
Test,LightGBM,"name_metric,paragraph_metric,language_metric",0.7750677506775068,0.9565217391304348,0.8562874251497006
Test,Neural Net,"name_metric,paragraph_metric,language_metric",0.8053892215568862,0.8996655518394648,0.8499210110584519
CV,Logistic Regression,"name_metric,paragraph_metric,synonym_metric",0.6062118691070438,0.9146443514644351,0.7291527685123416
CV,Random Forest,"name_metric,paragraph_metric,synonym_metric",0.8535980148883374,0.8635983263598327,0.8585690515806988
CV,XGBoost,"name_metric,paragraph_metric,synonym_metric",0.827252419955324,0.9297071129707113,0.8754925137903862
CV,LightGBM,"name_metric,paragraph_metric,synonym_metric",0.8217391304347826,0.9489539748953975,0.8807766990291263
CV,Neural Net,"name_metric,paragraph_metric,synonym_metric",0.7915708812260537,0.8644351464435146,0.8264
Test,Logistic Regression,"name_metric,paragraph_metric,synonym_metric",0.6065217391304348,0.9331103678929766,0.7351778656126482
Test,Random Forest,"name_metric,paragraph_metric,synonym_metric",0.8419354838709677,0.8729096989966555,0.8571428571428571
Test,XGBoost,"name_metric,paragraph_metric,synonym_metric",0.8034682080924855,0.9297658862876255,0.862015503875969
Test,LightGBM,"name_metric,paragraph_metric,synonym_metric",0.7988826815642458,0.9565217391304348,0.8706240487062404
Test,Neural Net,"name_metric,paragraph_metric,synonym_metric",0.7636887608069164,0.8862876254180602,0.8204334365325078
CV,Logistic Regression,"name_metric,paragraph_metric,keywords_metric",0.5992345544013122,0.9171548117154812,0.7248677248677249
CV,Random Forest,"name_metric,paragraph_metric,keywords_metric",0.8024193548387096,0.8326359832635983,0.8172484599589322
CV,XGBoost,"name_metric,paragraph_metric,keywords_metric",0.7655268667131891,0.9179916317991632,0.834855403348554
CV,LightGBM,"name_metric,paragraph_metric,keywords_metric",0.7630494505494505,0.9297071129707113,0.8381742738589212
CV,Neural Net,"name_metric,paragraph_metric,keywords_metric",0.7876304023845008,0.8845188284518829,0.8332676389436342
Test,Logistic Regression,"name_metric,paragraph_metric,keywords_metric",0.6034858387799564,0.9264214046822743,0.7308707124010554
Test,Random Forest,"name_metric,paragraph_metric,keywords_metric",0.7760736196319018,0.8461538461538461,0.8096
Test,XGBoost,"name_metric,paragraph_metric,keywords_metric",0.7595628415300546,0.9297658862876255,0.8360902255639098
Test,LightGBM,"name_metric,paragraph_metric,keywords_metric",0.7513089005235603,0.959866220735786,0.8428781204111601
Test,Neural Net,"name_metric,paragraph_metric,keywords_metric",0.7761627906976745,0.8929765886287625,0.8304821150855366
CV,Logistic Regression,"name_metric,paragraph_metric,author_metric",0.630097645031591,0.9179916317991632,0.747275204359673
CV,Random Forest,"name_metric,paragraph_metric,author_metric",0.8127035830618893,0.8351464435146444,0.8237721832439125
CV,XGBoost,"name_metric,paragraph_metric,author_metric",0.7895500725689405,0.9104602510460251,0.845705402254178
CV,LightGBM,"name_metric,paragraph_metric,author_metric",0.780812324929972,0.9330543933054394,0.8501715592832635
CV,Neural Net,"name_metric,paragraph_metric,author_metric",0.7979197622585439,0.8987447698744769,0.8453364817001181
Test,Logistic Regression,"name_metric,paragraph_metric,author_metric",0.6173913043478261,0.9498327759197325,0.7483530961791831
Test,Random Forest,"name_metric,paragraph_metric,author_metric",0.7833827893175074,0.882943143812709,0.8301886792452831
Test,XGBoost,"name_metric,paragraph_metric,author_metric",0.7635869565217391,0.939799331103679,0.8425787106446777
Test,LightGBM,"name_metric,paragraph_metric,author_metric",0.7604166666666666,0.9765886287625418,0.8550512445095169
Test,Neural Net,"name_metric,paragraph_metric,author_metric",0.7673130193905817,0.9264214046822743,0.8393939393939394
CV,Logistic Regression,"name_metric,language_metric,synonym_metric",0.5634755463059313,0.906276150627615,0.6948989412897016
CV,Random Forest,"name_metric,language_metric,synonym_metric",0.8240058910162003,0.9364016736401674,0.8766157461809636
CV,XGBoost,"name_metric,language_metric,synonym_metric",0.7975120939875605,0.9656903765690377,0.8735806207418623
CV,LightGBM,"name_metric,language_metric,synonym_metric",0.8042253521126761,0.9556485355648535,0.8734225621414914
CV,Neural Net,"name_metric,language_metric,synonym_metric",0.7656367746797287,0.8502092050209205,0.8057097541633624
Test,Logistic Regression,"name_metric,language_metric,synonym_metric",0.5679012345679012,0.9230769230769231,0.7031847133757961
Test,Random Forest,"name_metric,language_metric,synonym_metric",0.7948717948717948,0.9331103678929766,0.8584615384615385
Test,XGBoost,"name_metric,language_metric,synonym_metric",0.7830985915492957,0.9297658862876255,0.8501529051987767
Test,LightGBM,"name_metric,language_metric,synonym_metric",0.7700534759358288,0.9632107023411371,0.8558692421991084
Test,Neural Net,"name_metric,language_metric,synonym_metric",0.7391304347826086,0.8528428093645485,0.7919254658385093
CV,Logistic Regression,"name_metric,language_metric,keywords_metric",0.5967302452316077,0.9163179916317992,0.7227722772277227
CV,Random Forest,"name_metric,language_metric,keywords_metric",0.7986171132238548,0.7732217573221757,0.7857142857142857
CV,XGBoost,"name_metric,language_metric,keywords_metric",0.7786366830639494,0.9271966527196652,0.8464476699770818
CV,LightGBM,"name_metric,language_metric,keywords_metric",0.7806587245970568,0.9322175732217574,0.8497330282227308
CV,Neural Net,"name_metric,language_metric,keywords_metric",0.817024661893397,0.8594142259414226,0.8376835236541599
Test,Logistic Regression,"name_metric,language_metric,keywords_metric",0.6043478260869565,0.9297658862876255,0.7325428194993412
Test,Random Forest,"name_metric,language_metric,keywords_metric",0.7993311036789298,0.7993311036789298,0.7993311036789298
Test,XGBoost,"name_metric,language_metric,keywords_metric",0.779291553133515,0.9565217391304348,0.8588588588588588
Test,LightGBM,"name_metric,language_metric,keywords_metric",0.7759562841530054,0.9498327759197325,0.8541353383458646
Test,Neural Net,"name_metric,language_metric,keywords_metric",0.8081761006289309,0.8595317725752508,0.833063209076175
CV,Logistic Regression,"name_metric,language_metric,author_metric",0.5908602150537634,0.9196652719665271,0.7194762684124386
CV,Random Forest,"name_metric,language_metric,author_metric",0.8071672354948806,0.7916317991631799,0.7993240388677652
CV,XGBoost,"name_metric,language_metric,author_metric",0.7552685248130524,0.9297071129707113,0.8334583645911477
CV,LightGBM,"name_metric,language_metric,author_metric",0.7508372404554589,0.9380753138075314,0.8340773809523809
CV,Neural Net,"name_metric,language_metric,author_metric",0.7859281437125748,0.8786610878661087,0.8297115764519952
Test,Logistic Regression,"name_metric,language_metric,author_metric",0.5915789473684211,0.939799331103679,0.7260981912144703
Test,Random Forest,"name_metric,language_metric,author_metric",0.8,0.842809364548495,0.8208469055374593
Test,XGBoost,"name_metric,language_metric,author_metric",0.7429305912596401,0.9665551839464883,0.8401162790697675
Test,LightGBM,"name_metric,language_metric,author_metric",0.7416020671834626,0.959866220735786,0.8367346938775511
Test,Neural Net,"name_metric,language_metric,author_metric",0.7987987987987988,0.8896321070234113,0.8417721518987342
CV,Logistic Regression,"name_metric,synonym_metric,keywords_metric",0.5789746245468669,0.9355648535564853,0.7152911068458093
CV,Random Forest,"name_metric,synonym_metric,keywords_metric",0.8539419087136929,0.8610878661087866,0.8575
CV,XGBoost,"name_metric,synonym_metric,keywords_metric",0.8179148311306902,0.9322175732217574,0.8713335940555338
CV,LightGBM,"name_metric,synonym_metric,keywords_metric",0.8070921985815603,0.9523012552301255,0.8737044145873321
CV,Neural Net,"name_metric,synonym_metric,keywords_metric",0.7732115677321156,0.8502092050209205,0.8098844161020327
Test,Logistic Regression,"name_metric,synonym_metric,keywords_metric",0.5737704918032787,0.9364548494983278,0.7115628970775095
Test,Random Forest,"name_metric,synonym_metric,keywords_metric",0.8306188925081434,0.8528428093645485,0.8415841584158416
Test,XGBoost,"name_metric,synonym_metric,keywords_metric",0.8046647230320699,0.9230769230769231,0.8598130841121495
Test,LightGBM,"name_metric,synonym_metric,keywords_metric",0.7723577235772358,0.9531772575250836,0.8532934131736527
Test,Neural Net,"name_metric,synonym_metric,keywords_metric",0.7420289855072464,0.8561872909698997,0.7950310559006211
CV,Logistic Regression,"name_metric,synonym_metric,author_metric",0.6035218783351121,0.9464435146443515,0.7370478983382209
CV,Random Forest,"name_metric,synonym_metric,author_metric",0.8394648829431438,0.8401673640167364,0.8398159765788373
CV,XGBoost,"name_metric,synonym_metric,author_metric",0.7856125356125356,0.9230125523012552,0.8487879953828396
CV,LightGBM,"name_metric,synonym_metric,author_metric",0.7563417890520694,0.9481171548117154,0.8414407723728184
CV,Neural Net,"name_metric,synonym_metric,author_metric",0.721027064538515,0.8694560669456067,0.7883156297420334
Test,Logistic Regression,"name_metric,synonym_metric,author_metric",0.5772357723577236,0.9498327759197325,0.718078381795196
Test,Random Forest,"name_metric,synonym_metric,author_metric",0.7913907284768212,0.7993311036789298,0.7953410981697171
Test,XGBoost,"name_metric,synonym_metric,author_metric",0.7568306010928961,0.9264214046822743,0.8330827067669173
Test,LightGBM,"name_metric,synonym_metric,author_metric",0.7167919799498746,0.9565217391304348,0.8194842406876791
Test,Neural Net,"name_metric,synonym_metric,author_metric",0.6880222841225627,0.8260869565217391,0.7507598784194529
CV,Logistic Regression,"name_metric,keywords_metric,author_metric",0.6086021505376344,0.9472803347280335,0.7410801963993453
CV,Random Forest,"name_metric,keywords_metric,author_metric",0.7939983779399837,0.8192468619246862,0.8064250411861614
CV,XGBoost,"name_metric,keywords_metric,author_metric",0.7709219858156028,0.9096234309623431,0.8345489443378119
CV,LightGBM,"name_metric,keywords_metric,author_metric",0.7715072264280798,0.9380753138075314,0.8466767371601208
CV,Neural Net,"name_metric,keywords_metric,author_metric",0.7839643652561247,0.8836820083682009,0.8308418568056648
Test,Logistic Regression,"name_metric,keywords_metric,author_metric",0.5941422594142259,0.9498327759197325,0.731016731016731
Test,Random Forest,"name_metric,keywords_metric,author_metric",0.7434402332361516,0.8528428093645485,0.794392523364486
Test,XGBoost,"name_metric,keywords_metric,author_metric",0.7393617021276596,0.9297658862876255,0.8237037037037037
Test,LightGBM,"name_metric,keywords_metric,author_metric",0.7319587628865979,0.9498327759197325,0.826783114992722
Test,Neural Net,"name_metric,keywords_metric,author_metric",0.7443820224719101,0.8862876254180602,0.8091603053435115
CV,Logistic Regression,"paragraph_metric,language_metric,synonym_metric",0.4619164619164619,0.7866108786610879,0.5820433436532507
CV,Random Forest,"paragraph_metric,language_metric,synonym_metric",0.7424812030075187,0.6610878661087866,0.6994245241257193
CV,XGBoost,"paragraph_metric,language_metric,synonym_metric",0.6972602739726027,0.8518828451882845,0.7668549905838041
CV,LightGBM,"paragraph_metric,language_metric,synonym_metric",0.6753246753246753,0.8702928870292888,0.7605118829981719
CV,Neural Net,"paragraph_metric,language_metric,synonym_metric",0.7044917257683215,0.49874476987447697,0.5840274375306223
Test,Logistic Regression,"paragraph_metric,language_metric,synonym_metric",0.4968152866242038,0.782608695652174,0.6077922077922078
Test,Random Forest,"paragraph_metric,language_metric,synonym_metric",0.7718631178707225,0.6789297658862876,0.7224199288256228
Test,XGBoost,"paragraph_metric,language_metric,synonym_metric",0.6935933147632312,0.8327759197324415,0.756838905775076
Test,LightGBM,"paragraph_metric,language_metric,synonym_metric",0.7078947368421052,0.8996655518394648,0.792341678939617
Test,Neural Net,"paragraph_metric,language_metric,synonym_metric",0.7121951219512195,0.4882943143812709,0.5793650793650794
CV,Logistic Regression,"paragraph_metric,language_metric,keywords_metric",0.4324825986078886,0.7799163179916317,0.5564179104477612
CV,Random Forest,"paragraph_metric,language_metric,keywords_metric",0.5005662514156285,0.3698744769874477,0.42540904716073147
CV,XGBoost,"paragraph_metric,language_metric,keywords_metric",0.4276657060518732,0.6209205020920502,0.5064846416382253
CV,LightGBM,"paragraph_metric,language_metric,keywords_metric",0.421256038647343,0.7297071129707113,0.5341500765696784
CV,Neural Net,"paragraph_metric,language_metric,keywords_metric",0.5924426450742241,0.3673640167364017,0.4535123966942149
Test,Logistic Regression,"paragraph_metric,language_metric,keywords_metric",0.4585858585858586,0.7591973244147158,0.5717884130982368
Test,Random Forest,"paragraph_metric,language_metric,keywords_metric",0.5047169811320755,0.35785953177257523,0.4187866927592955
Test,XGBoost,"paragraph_metric,language_metric,keywords_metric",0.4600484261501211,0.6354515050167224,0.5337078651685393
Test,LightGBM,"paragraph_metric,language_metric,keywords_metric",0.4666666666666667,0.7491638795986622,0.5750962772785623
Test,Neural Net,"paragraph_metric,language_metric,keywords_metric",0.6171428571428571,0.3612040133779264,0.45569620253164556
CV,Logistic Regression,"paragraph_metric,language_metric,author_metric",0.432687765706188,0.7665271966527196,0.5531400966183575
CV,Random Forest,"paragraph_metric,language_metric,author_metric",0.5195852534562212,0.37740585774058577,0.43722733882695103
CV,XGBoost,"paragraph_metric,language_metric,author_metric",0.4511545293072824,0.6376569037656904,0.5284327323162274
CV,LightGBM,"paragraph_metric,language_metric,author_metric",0.45292887029288703,0.7246861924686192,0.5574509172835532
CV,Neural Net,"paragraph_metric,language_metric,author_metric",0.5857519788918206,0.37154811715481173,0.45468509984639016
Test,Logistic Regression,"paragraph_metric,language_metric,author_metric",0.4713114754098361,0.7692307692307693,0.5844980940279543
Test,Random Forest,"paragraph_metric,language_metric,author_metric",0.5833333333333334,0.3979933110367893,0.4731610337972167
Test,XGBoost,"paragraph_metric,language_metric,author_metric",0.49370277078085645,0.6555183946488294,0.5632183908045977
Test,LightGBM,"paragraph_metric,language_metric,author_metric",0.46638655462184875,0.7424749163879598,0.5729032258064516
Test,Neural Net,"paragraph_metric,language_metric,author_metric",0.6595744680851063,0.3110367892976589,0.42272727272727273
CV,Logistic Regression,"paragraph_metric,synonym_metric,keywords_metric",0.45747357825868146,0.7606694560669456,0.5713387806411062
CV,Random Forest,"paragraph_metric,synonym_metric,keywords_metric",0.7183406113537117,0.5506276150627615,0.6234012316437707
CV,XGBoost,"paragraph_metric,synonym_metric,keywords_metric",0.7041847041847041,0.8167364016736401,0.7562960092987214
CV,LightGBM,"paragraph_metric,synonym_metric,keywords_metric",0.666009204470743,0.8476987447698745,0.7459499263622975
CV,Neural Net,"paragraph_metric,synonym_metric,keywords_metric",0.6640625,0.42677824267782427,0.5196128374936322
Test,Logistic Regression,"paragraph_metric,synonym_metric,keywords_metric",0.4626865671641791,0.725752508361204,0.5651041666666666
Test,Random Forest,"paragraph_metric,synonym_metric,keywords_metric",0.7555555555555555,0.568561872909699,0.648854961832061
Test,XGBoost,"paragraph_metric,synonym_metric,keywords_metric",0.6840659340659341,0.8327759197324415,0.751131221719457
Test,LightGBM,"paragraph_metric,synonym_metric,keywords_metric",0.6997319034852547,0.8729096989966555,0.7767857142857143
Test,Neural Net,"paragraph_metric,synonym_metric,keywords_metric",0.6438356164383562,0.47157190635451507,0.5444015444015444
CV,Logistic Regression,"paragraph_metric,synonym_metric,author_metric",0.4599092284417549,0.7631799163179916,0.5739458779106357
CV,Random Forest,"paragraph_metric,synonym_metric,author_metric",0.753528773072747,0.5807531380753138,0.6559546313799622
CV,XGBoost,"paragraph_metric,synonym_metric,author_metric",0.71875,0.80836820083682,0.7609294998030721
CV,LightGBM,"paragraph_metric,synonym_metric,author_metric",0.6897260273972603,0.8426778242677824,0.7585687382297551
CV,Neural Net,"paragraph_metric,synonym_metric,author_metric",0.6858513189448441,0.4786610878661088,0.5638245441103992
Test,Logistic Regression,"paragraph_metric,synonym_metric,author_metric",0.4692144373673036,0.7391304347826086,0.574025974025974
Test,Random Forest,"paragraph_metric,synonym_metric,author_metric",0.7531914893617021,0.5919732441471572,0.6629213483146067
Test,XGBoost,"paragraph_metric,synonym_metric,author_metric",0.6888888888888889,0.8294314381270903,0.7526555386949925
Test,LightGBM,"paragraph_metric,synonym_metric,author_metric",0.7027027027027027,0.8695652173913043,0.7772795216741405
Test,Neural Net,"paragraph_metric,synonym_metric,author_metric",0.6963350785340314,0.44481605351170567,0.5428571428571428
CV,Logistic Regression,"paragraph_metric,keywords_metric,author_metric",0.4404040404040404,0.7297071129707113,0.5492913385826772
CV,Random Forest,"paragraph_metric,keywords_metric,author_metric",0.5498614958448753,0.3322175732217573,0.414188836724048
CV,XGBoost,"paragraph_metric,keywords_metric,author_metric",0.45716154349247873,0.5849372384937238,0.513215859030837
CV,LightGBM,"paragraph_metric,keywords_metric,author_metric",0.44699453551912566,0.6845188284518828,0.5408264462809917
CV,Neural Net,"paragraph_metric,keywords_metric,author_metric",0.6,0.3313807531380753,0.4269541778975741
Test,Logistic Regression,"paragraph_metric,keywords_metric,author_metric",0.44468085106382976,0.6989966555183946,0.5435630689206762
Test,Random Forest,"paragraph_metric,keywords_metric,author_metric",0.5562130177514792,0.31438127090301005,0.4017094017094017
Test,XGBoost,"paragraph_metric,keywords_metric,author_metric",0.4473007712082262,0.5819397993311036,0.5058139534883721
Test,LightGBM,"paragraph_metric,keywords_metric,author_metric",0.44798301486199577,0.705685618729097,0.548051948051948
Test,Neural Net,"paragraph_metric,keywords_metric,author_metric",0.5960264900662252,0.3010033444816054,0.4
CV,Logistic Regression,"language_metric,synonym_metric,keywords_metric",0.44759615384615387,0.7790794979079498,0.5685496183206107
CV,Random Forest,"language_metric,synonym_metric,keywords_metric",0.7374517374517374,0.6393305439330544,0.6848946660690274
CV,XGBoost,"language_metric,synonym_metric,keywords_metric",0.6924657534246575,0.8460251046025105,0.7615819209039548
CV,LightGBM,"language_metric,synonym_metric,keywords_metric",0.6591494845360825,0.8560669456066946,0.7448125227520932
CV,Neural Net,"language_metric,synonym_metric,keywords_metric",0.6834355828220859,0.4661087866108787,0.554228855721393
Test,Logistic Regression,"language_metric,synonym_metric,keywords_metric",0.45866141732283466,0.7792642140468228,0.5774473358116481
Test,Random Forest,"language_metric,synonym_metric,keywords_metric",0.7888446215139442,0.6622073578595318,0.72
Test,XGBoost,"language_metric,synonym_metric,keywords_metric",0.7039106145251397,0.842809364548495,0.7671232876712328
Test,LightGBM,"language_metric,synonym_metric,keywords_metric",0.6956521739130435,0.8561872909698997,0.767616191904048
Test,Neural Net,"language_metric,synonym_metric,keywords_metric",0.7219512195121951,0.49498327759197325,0.5873015873015873
CV,Logistic Regression,"language_metric,synonym_metric,author_metric",0.40301075268817205,0.7841004184100419,0.5323863636363636
CV,Random Forest,"language_metric,synonym_metric,author_metric",0.7671232876712328,0.6560669456066945,0.7072620658547587
CV,XGBoost,"language_metric,synonym_metric,author_metric",0.6924147529575505,0.8326359832635983,0.756079027355623
CV,LightGBM,"language_metric,synonym_metric,author_metric",0.6472843450479233,0.8476987447698745,0.7340579710144928
CV,Neural Net,"language_metric,synonym_metric,author_metric",0.719640179910045,0.401673640167364,0.5155746509129968
Test,Logistic Regression,"language_metric,synonym_metric,author_metric",0.40878378378378377,0.8093645484949833,0.5432098765432098
Test,Random Forest,"language_metric,synonym_metric,author_metric",0.7269372693726938,0.6588628762541806,0.6912280701754386
Test,XGBoost,"language_metric,synonym_metric,author_metric",0.6805555555555556,0.8193979933110368,0.7435508345978755
Test,LightGBM,"language_metric,synonym_metric,author_metric",0.6684073107049608,0.8561872909698997,0.750733137829912
Test,Neural Net,"language_metric,synonym_metric,author_metric",0.7532467532467533,0.3879598662207358,0.5121412803532008
CV,Logistic Regression,"language_metric,keywords_metric,author_metric",0.42547033285094066,0.7380753138075313,0.5397796817625459
CV,Random Forest,"language_metric,keywords_metric,author_metric",0.5263774912075029,0.3757322175732218,0.4384765625
CV,XGBoost,"language_metric,keywords_metric,author_metric",0.45825486503452606,0.6108786610878661,0.5236728837876614
CV,LightGBM,"language_metric,keywords_metric,author_metric",0.4541139240506329,0.7205020920502092,0.5571012617275962
CV,Neural Net,"language_metric,keywords_metric,author_metric",0.6024844720496895,0.32468619246861924,0.421968461120174
Test,Logistic Regression,"language_metric,keywords_metric,author_metric",0.4314516129032258,0.7157190635451505,0.5383647798742138
Test,Random Forest,"language_metric,keywords_metric,author_metric",0.5215311004784688,0.36454849498327757,0.42913385826771655
Test,XGBoost,"language_metric,keywords_metric,author_metric",0.47029702970297027,0.6354515050167224,0.5405405405405406
Test,LightGBM,"language_metric,keywords_metric,author_metric",0.4645161290322581,0.7224080267558528,0.5654450261780105
Test,Neural Net,"language_metric,keywords_metric,author_metric",0.7164179104477612,0.3210702341137124,0.44341801385681295
CV,Logistic Regression,"synonym_metric,keywords_metric,author_metric",0.45449871465295627,0.7397489539748954,0.5630573248407643
CV,Random Forest,"synonym_metric,keywords_metric,author_metric",0.7582781456953642,0.5748953974895398,0.6539742979533556
CV,XGBoost,"synonym_metric,keywords_metric,author_metric",0.7047832585949177,0.7891213389121339,0.7445716541650217
CV,LightGBM,"synonym_metric,keywords_metric,author_metric",0.6522606382978723,0.8209205020920503,0.7269359021859948
CV,Neural Net,"synonym_metric,keywords_metric,author_metric",0.6509988249118684,0.4635983263598326,0.541544477028348
Test,Logistic Regression,"synonym_metric,keywords_metric,author_metric",0.4610526315789474,0.7324414715719063,0.5658914728682171
Test,Random Forest,"synonym_metric,keywords_metric,author_metric",0.7631578947368421,0.5819397993311036,0.6603415559772297
Test,XGBoost,"synonym_metric,keywords_metric,author_metric",0.6761363636363636,0.7959866220735786,0.7311827956989247
Test,LightGBM,"synonym_metric,keywords_metric,author_metric",0.656,0.822742474916388,0.7299703264094956
Test,Neural Net,"synonym_metric,keywords_metric,author_metric",0.6224489795918368,0.4080267558528428,0.49292929292929294
CV,Logistic Regression,"name_metric,paragraph_metric,language_metric,synonym_metric",0.6075027995520716,0.9079497907949791,0.7279436430727944
CV,Random Forest,"name_metric,paragraph_metric,language_metric,synonym_metric",0.8954468802698144,0.8887029288702929,0.8920621587568248
CV,XGBoost,"name_metric,paragraph_metric,language_metric,synonym_metric",0.8524212144504227,0.9280334728033472,0.8886217948717948
CV,LightGBM,"name_metric,paragraph_metric,language_metric,synonym_metric",0.8448918717375093,0.9481171548117154,0.8935331230283912
CV,Neural Net,"name_metric,paragraph_metric,language_metric,synonym_metric",0.85,0.8535564853556485,0.8517745302713987
Test,Logistic Regression,"name_metric,paragraph_metric,language_metric,synonym_metric",0.6119733924611973,0.9230769230769231,0.736
Test,Random Forest,"name_metric,paragraph_metric,language_metric,synonym_metric",0.8664495114006515,0.8896321070234113,0.8778877887788779
Test,XGBoost,"name_metric,paragraph_metric,language_metric,synonym_metric",0.8424242424242424,0.9297658862876255,0.8839427662957074
Test,LightGBM,"name_metric,paragraph_metric,language_metric,synonym_metric",0.8397626112759644,0.9464882943143813,0.889937106918239
Test,Neural Net,"name_metric,paragraph_metric,language_metric,synonym_metric",0.8295081967213115,0.8461538461538461,0.8377483443708609
CV,Logistic Regression,"name_metric,paragraph_metric,language_metric,keywords_metric",0.6060100166944908,0.9112970711297071,0.7279411764705882
CV,Random Forest,"name_metric,paragraph_metric,language_metric,keywords_metric",0.8423236514522822,0.8493723849372385,0.8458333333333333
CV,XGBoost,"name_metric,paragraph_metric,language_metric,keywords_metric",0.8023686158401184,0.907112970711297,0.8515318146111548
CV,LightGBM,"name_metric,paragraph_metric,language_metric,keywords_metric",0.8040491684743312,0.9305439330543933,0.8626842513576416
CV,Neural Net,"name_metric,paragraph_metric,language_metric,keywords_metric",0.8381410256410257,0.8753138075313808,0.8563241915677445
Test,Logistic Regression,"name_metric,paragraph_metric,language_metric,keywords_metric",0.6263982102908278,0.9364548494983278,0.7506702412868632
Test,Random Forest,"name_metric,paragraph_metric,language_metric,keywords_metric",0.8231511254019293,0.8561872909698997,0.839344262295082
Test,XGBoost,"name_metric,paragraph_metric,language_metric,keywords_metric",0.8052325581395349,0.9264214046822743,0.8615863141524106
Test,LightGBM,"name_metric,paragraph_metric,language_metric,keywords_metric",0.8084507042253521,0.959866220735786,0.8776758409785933
Test,Neural Net,"name_metric,paragraph_metric,language_metric,keywords_metric",0.8317152103559871,0.8595317725752508,0.8453947368421053
CV,Logistic Regression,"name_metric,paragraph_metric,language_metric,author_metric",0.6364692218350755,0.9171548117154812,0.7514569763455605
CV,Random Forest,"name_metric,paragraph_metric,language_metric,author_metric",0.8535564853556485,0.8535564853556485,0.8535564853556485
CV,XGBoost,"name_metric,paragraph_metric,language_metric,author_metric",0.8291571753986332,0.9138075313807531,0.8694267515923567
CV,LightGBM,"name_metric,paragraph_metric,language_metric,author_metric",0.8262806236080178,0.9313807531380753,0.8756884343036979
CV,Neural Net,"name_metric,paragraph_metric,language_metric,author_metric",0.8312693498452013,0.8987447698744769,0.8636911942098915
Test,Logistic Regression,"name_metric,paragraph_metric,language_metric,author_metric",0.6328828828828829,0.939799331103679,0.756393001345895
Test,Random Forest,"name_metric,paragraph_metric,language_metric,author_metric",0.8427672955974843,0.8963210702341137,0.8687196110210696
Test,XGBoost,"name_metric,paragraph_metric,language_metric,author_metric",0.8260869565217391,0.9531772575250836,0.8850931677018633
Test,LightGBM,"name_metric,paragraph_metric,language_metric,author_metric",0.8210227272727273,0.9665551839464883,0.8878648233486943
Test,Neural Net,"name_metric,paragraph_metric,language_metric,author_metric",0.8171091445427728,0.9264214046822743,0.8683385579937304
CV,Logistic Regression,"name_metric,paragraph_metric,synonym_metric,keywords_metric",0.6010958904109589,0.9179916317991632,0.7264900662251655
CV,Random Forest,"name_metric,paragraph_metric,synonym_metric,keywords_metric",0.8496302382908792,0.8652719665271966,0.857379767827529
CV,XGBoost,"name_metric,paragraph_metric,synonym_metric,keywords_metric",0.8423457730388424,0.9255230125523013,0.8819776714513556
CV,LightGBM,"name_metric,paragraph_metric,synonym_metric,keywords_metric",0.8307692307692308,0.9489539748953975,0.8859375
CV,Neural Net,"name_metric,paragraph_metric,synonym_metric,keywords_metric",0.8224755700325733,0.8451882845188284,0.8336772595955427
Test,Logistic Regression,"name_metric,paragraph_metric,synonym_metric,keywords_metric",0.6123348017621145,0.9297658862876255,0.7383798140770252
Test,Random Forest,"name_metric,paragraph_metric,synonym_metric,keywords_metric",0.842948717948718,0.8795986622073578,0.8608837970540099
Test,XGBoost,"name_metric,paragraph_metric,synonym_metric,keywords_metric",0.8289085545722714,0.939799331103679,0.8808777429467085
Test,LightGBM,"name_metric,paragraph_metric,synonym_metric,keywords_metric",0.8171428571428572,0.9565217391304348,0.8813559322033898
Test,Neural Net,"name_metric,paragraph_metric,synonym_metric,keywords_metric",0.7819767441860465,0.8996655518394648,0.8367029548989113
CV,Logistic Regression,"name_metric,paragraph_metric,synonym_metric,author_metric",0.6338514680483592,0.9213389121338912,0.7510231923601637
CV,Random Forest,"name_metric,paragraph_metric,synonym_metric,author_metric",0.8548387096774194,0.8870292887029289,0.8706365503080082
CV,XGBoost,"name_metric,paragraph_metric,synonym_metric,author_metric",0.8463302752293578,0.9263598326359833,0.8845385537355174
CV,LightGBM,"name_metric,paragraph_metric,synonym_metric,author_metric",0.8395245170876672,0.9456066945606695,0.889413616686344
CV,Neural Net,"name_metric,paragraph_metric,synonym_metric,author_metric",0.8042813455657493,0.8803347280334728,0.8405912904514582
Test,Logistic Regression,"name_metric,paragraph_metric,synonym_metric,author_metric",0.632420091324201,0.9264214046822743,0.751696065128901
Test,Random Forest,"name_metric,paragraph_metric,synonym_metric,author_metric",0.8384146341463414,0.919732441471572,0.8771929824561403
Test,XGBoost,"name_metric,paragraph_metric,synonym_metric,author_metric",0.8192419825072886,0.939799331103679,0.8753894080996885
Test,LightGBM,"name_metric,paragraph_metric,synonym_metric,author_metric",0.8137535816618912,0.9498327759197325,0.8765432098765432
Test,Neural Net,"name_metric,paragraph_metric,synonym_metric,author_metric",0.7643835616438356,0.9331103678929766,0.8403614457831325
CV,Logistic Regression,"name_metric,paragraph_metric,keywords_metric,author_metric",0.635632183908046,0.9255230125523013,0.7536626916524702
CV,Random Forest,"name_metric,paragraph_metric,keywords_metric,author_metric",0.820919175911252,0.8669456066945607,0.8433048433048433
CV,XGBoost,"name_metric,paragraph_metric,keywords_metric,author_metric",0.8035581912527798,0.907112970711297,0.8522012578616353
CV,LightGBM,"name_metric,paragraph_metric,keywords_metric,author_metric",0.793400286944046,0.9255230125523013,0.854383932020085
CV,Neural Net,"name_metric,paragraph_metric,keywords_metric,author_metric",0.8106060606060606,0.895397489539749,0.8508946322067594
Test,Logistic Regression,"name_metric,paragraph_metric,keywords_metric,author_metric",0.6326530612244898,0.9331103678929766,0.754054054054054
Test,Random Forest,"name_metric,paragraph_metric,keywords_metric,author_metric",0.7874251497005988,0.8795986622073578,0.8309636650868878
Test,XGBoost,"name_metric,paragraph_metric,keywords_metric,author_metric",0.7728531855955678,0.9331103678929766,0.8454545454545455
Test,LightGBM,"name_metric,paragraph_metric,keywords_metric,author_metric",0.7759562841530054,0.9498327759197325,0.8541353383458646
Test,Neural Net,"name_metric,paragraph_metric,keywords_metric,author_metric",0.7848837209302325,0.903010033444816,0.8398133748055988
CV,Logistic Regression,"name_metric,language_metric,synonym_metric,keywords_metric",0.5974945533769063,0.9179916317991632,0.7238535136918509
CV,Random Forest,"name_metric,language_metric,synonym_metric,keywords_metric",0.8824517212426533,0.8794979079497908,0.8809723386420788
CV,XGBoost,"name_metric,language_metric,synonym_metric,keywords_metric",0.8589147286821706,0.9271966527196652,0.8917505030181087
CV,LightGBM,"name_metric,language_metric,synonym_metric,keywords_metric",0.853051996985682,0.9472803347280335,0.8977002379064235
CV,Neural Net,"name_metric,language_metric,synonym_metric,keywords_metric",0.8432523051131601,0.8418410041841005,0.8425460636515912
Test,Logistic Regression,"name_metric,language_metric,synonym_metric,keywords_metric",0.6123348017621145,0.9297658862876255,0.7383798140770252
Test,Random Forest,"name_metric,language_metric,synonym_metric,keywords_metric",0.882943143812709,0.882943143812709,0.882943143812709
Test,XGBoost,"name_metric,language_metric,synonym_metric,keywords_metric",0.848297213622291,0.9163879598662207,0.8810289389067524
Test,LightGBM,"name_metric,language_metric,synonym_metric,keywords_metric",0.8333333333333334,0.9531772575250836,0.8892355694227769
Test,Neural Net,"name_metric,language_metric,synonym_metric,keywords_metric",0.7987804878048781,0.8762541806020067,0.835725677830941
CV,Logistic Regression,"name_metric,language_metric,synonym_metric,author_metric",0.5956639566395664,0.9196652719665271,0.7230263157894737
CV,Random Forest,"name_metric,language_metric,synonym_metric,author_metric",0.8747884940778342,0.8652719665271966,0.8700042069835927
CV,XGBoost,"name_metric,language_metric,synonym_metric,author_metric",0.85,0.9246861924686193,0.8857715430861723
CV,LightGBM,"name_metric,language_metric,synonym_metric,author_metric",0.8296460176991151,0.9414225941422594,0.8820070560564485
CV,Neural Net,"name_metric,language_metric,synonym_metric,author_metric",0.798908807482463,0.8577405857740585,0.8272800645682001
Test,Logistic Regression,"name_metric,language_metric,synonym_metric,author_metric",0.589098532494759,0.939799331103679,0.7242268041237113
Test,Random Forest,"name_metric,language_metric,synonym_metric,author_metric",0.8771331058020477,0.8595317725752508,0.8682432432432432
Test,XGBoost,"name_metric,language_metric,synonym_metric,author_metric",0.8598130841121495,0.9230769230769231,0.8903225806451613
Test,LightGBM,"name_metric,language_metric,synonym_metric,author_metric",0.831858407079646,0.9431438127090301,0.8840125391849529
Test,Neural Net,"name_metric,language_metric,synonym_metric,author_metric",0.7915407854984894,0.8762541806020067,0.8317460317460318
CV,Logistic Regression,"name_metric,language_metric,keywords_metric,author_metric",0.6273291925465838,0.9297071129707113,0.7491571139581928
CV,Random Forest,"name_metric,language_metric,keywords_metric,author_metric",0.845514950166113,0.8518828451882845,0.8486869528970404
CV,XGBoost,"name_metric,language_metric,keywords_metric,author_metric",0.822104466313399,0.9087866108786611,0.863275039745628
CV,LightGBM,"name_metric,language_metric,keywords_metric,author_metric",0.8145985401459854,0.9338912133891213,0.8701754385964913
CV,Neural Net,"name_metric,language_metric,keywords_metric,author_metric",0.8165137614678899,0.8937238493723849,0.8533759488613664
Test,Logistic Regression,"name_metric,language_metric,keywords_metric,author_metric",0.6446469248291572,0.9464882943143813,0.7669376693766937
Test,Random Forest,"name_metric,language_metric,keywords_metric,author_metric",0.838006230529595,0.8996655518394648,0.867741935483871
Test,XGBoost,"name_metric,language_metric,keywords_metric,author_metric",0.8103448275862069,0.9431438127090301,0.8717156105100463
Test,LightGBM,"name_metric,language_metric,keywords_metric,author_metric",0.8112676056338028,0.9632107023411371,0.8807339449541285
Test,Neural Net,"name_metric,language_metric,keywords_metric,author_metric",0.7981927710843374,0.8862876254180602,0.8399366085578447
CV,Logistic Regression,"name_metric,synonym_metric,keywords_metric,author_metric",0.6114130434782609,0.9414225941422594,0.7413509060955519
CV,Random Forest,"name_metric,synonym_metric,keywords_metric,author_metric",0.8521809369951535,0.8828451882845189,0.8672420879572544
CV,XGBoost,"name_metric,synonym_metric,keywords_metric,author_metric",0.8432267884322678,0.9271966527196652,0.8832204065364687
CV,LightGBM,"name_metric,synonym_metric,keywords_metric,author_metric",0.8215859030837004,0.9364016736401674,0.8752444270629645
CV,Neural Net,"name_metric,synonym_metric,keywords_metric,author_metric",0.7787418655097614,0.901255230125523,0.8355314197051978
Test,Logistic Regression,"name_metric,synonym_metric,keywords_metric,author_metric",0.6094420600858369,0.9498327759197325,0.742483660130719
Test,Random Forest,"name_metric,synonym_metric,keywords_metric,author_metric",0.822429906542056,0.882943143812709,0.8516129032258064
Test,XGBoost,"name_metric,synonym_metric,keywords_metric,author_metric",0.7988338192419825,0.9163879598662207,0.8535825545171339
Test,LightGBM,"name_metric,synonym_metric,keywords_metric,author_metric",0.7855153203342619,0.9431438127090301,0.8571428571428571
Test,Neural Net,"name_metric,synonym_metric,keywords_metric,author_metric",0.7535410764872521,0.8896321070234113,0.8159509202453987
CV,Logistic Regression,"paragraph_metric,language_metric,synonym_metric,keywords_metric",0.4744162940884252,0.799163179916318,0.5953865336658354
CV,Random Forest,"paragraph_metric,language_metric,synonym_metric,keywords_metric",0.7569593147751607,0.5916317991631799,0.6641615782057304
CV,XGBoost,"paragraph_metric,language_metric,synonym_metric,keywords_metric",0.7254187909686817,0.8334728033472804,0.7757009345794392
CV,LightGBM,"paragraph_metric,language_metric,synonym_metric,keywords_metric",0.6830892143808256,0.8585774058577406,0.760845383759733
CV,Neural Net,"paragraph_metric,language_metric,synonym_metric,keywords_metric",0.675818373812038,0.5355648535564853,0.5975723622782446
Test,Logistic Regression,"paragraph_metric,language_metric,synonym_metric,keywords_metric",0.49786324786324787,0.7792642140468228,0.6075619295958279
Test,Random Forest,"paragraph_metric,language_metric,synonym_metric,keywords_metric",0.7811158798283262,0.6086956521739131,0.6842105263157895
Test,XGBoost,"paragraph_metric,language_metric,synonym_metric,keywords_metric",0.7312138728323699,0.8461538461538461,0.7844961240310078
Test,LightGBM,"paragraph_metric,language_metric,synonym_metric,keywords_metric",0.7194444444444444,0.8662207357859532,0.7860394537177542
Test,Neural Net,"paragraph_metric,language_metric,synonym_metric,keywords_metric",0.6958333333333333,0.5585284280936454,0.6196660482374768
CV,Logistic Regression,"paragraph_metric,language_metric,synonym_metric,author_metric",0.4746613146011039,0.7916317991631799,0.5934755332496863
CV,Random Forest,"paragraph_metric,language_metric,synonym_metric,author_metric",0.7832093517534537,0.6167364016736402,0.6900749063670412
CV,XGBoost,"paragraph_metric,language_metric,synonym_metric,author_metric",0.7317612380250552,0.8309623430962343,0.7782131661442007
CV,LightGBM,"paragraph_metric,language_metric,synonym_metric,author_metric",0.7022742935906272,0.8527196652719665,0.7702191987906274
CV,Neural Net,"paragraph_metric,language_metric,synonym_metric,author_metric",0.6896929824561403,0.5263598326359833,0.5970574276222117
Test,Logistic Regression,"paragraph_metric,language_metric,synonym_metric,author_metric",0.5173160173160173,0.7993311036789298,0.6281208935611038
Test,Random Forest,"paragraph_metric,language_metric,synonym_metric,author_metric",0.7862903225806451,0.6521739130434783,0.7129798903107861
Test,XGBoost,"paragraph_metric,language_metric,synonym_metric,author_metric",0.749271137026239,0.8595317725752508,0.8006230529595015
Test,LightGBM,"paragraph_metric,language_metric,synonym_metric,author_metric",0.7111716621253406,0.8729096989966555,0.7837837837837838
Test,Neural Net,"paragraph_metric,language_metric,synonym_metric,author_metric",0.7175925925925926,0.5183946488294314,0.6019417475728155
CV,Logistic Regression,"paragraph_metric,language_metric,keywords_metric,author_metric",0.44859359844810864,0.7740585774058577,0.5680073687442432
CV,Random Forest,"paragraph_metric,language_metric,keywords_metric,author_metric",0.566150178784267,0.39748953974895396,0.4670599803343166
CV,XGBoost,"paragraph_metric,language_metric,keywords_metric,author_metric",0.4842175957018133,0.6033472803347281,0.53725782414307
CV,LightGBM,"paragraph_metric,language_metric,keywords_metric,author_metric",0.48099829835507657,0.7096234309623431,0.5733603786342123
CV,Neural Net,"paragraph_metric,language_metric,keywords_metric,author_metric",0.5980746089049338,0.41589958158995816,0.4906219151036525
Test,Logistic Regression,"paragraph_metric,language_metric,keywords_metric,author_metric",0.46804123711340206,0.7591973244147158,0.5790816326530612
Test,Random Forest,"paragraph_metric,language_metric,keywords_metric,author_metric",0.6312849162011173,0.3779264214046823,0.47280334728033474
Test,XGBoost,"paragraph_metric,language_metric,keywords_metric,author_metric",0.5255681818181818,0.6187290969899666,0.5683563748079877
Test,LightGBM,"paragraph_metric,language_metric,keywords_metric,author_metric",0.5159817351598174,0.7558528428093646,0.6132971506105834
Test,Neural Net,"paragraph_metric,language_metric,keywords_metric,author_metric",0.625,0.4682274247491639,0.5353728489483748
CV,Logistic Regression,"paragraph_metric,synonym_metric,keywords_metric,author_metric",0.4801239029426949,0.7782426778242678,0.5938697318007663
CV,Random Forest,"paragraph_metric,synonym_metric,keywords_metric,author_metric",0.7494252873563219,0.5456066945606695,0.6314769975786925
CV,XGBoost,"paragraph_metric,synonym_metric,keywords_metric,author_metric",0.7356589147286822,0.7941422594142259,0.7637826961770624
CV,LightGBM,"paragraph_metric,synonym_metric,keywords_metric,author_metric",0.6834482758620689,0.8292887029288702,0.7493383742911153
CV,Neural Net,"paragraph_metric,synonym_metric,keywords_metric,author_metric",0.6367432150313153,0.5104602510460251,0.566651184393869
Test,Logistic Regression,"paragraph_metric,synonym_metric,keywords_metric,author_metric",0.4880694143167028,0.7525083612040134,0.5921052631578947
Test,Random Forest,"paragraph_metric,synonym_metric,keywords_metric,author_metric",0.7674418604651163,0.5518394648829431,0.642023346303502
Test,XGBoost,"paragraph_metric,synonym_metric,keywords_metric,author_metric",0.7387387387387387,0.822742474916388,0.7784810126582279
Test,LightGBM,"paragraph_metric,synonym_metric,keywords_metric,author_metric",0.712707182320442,0.862876254180602,0.7806354009077155
Test,Neural Net,"paragraph_metric,synonym_metric,keywords_metric,author_metric",0.630901287553648,0.4916387959866221,0.5526315789473685
CV,Logistic Regression,"language_metric,synonym_metric,keywords_metric,author_metric",0.46846846846846846,0.7832635983263598,0.5862824929533355
CV,Random Forest,"language_metric,synonym_metric,keywords_metric,author_metric",0.7716701902748414,0.6108786610878661,0.6819243344231667
CV,XGBoost,"language_metric,synonym_metric,keywords_metric,author_metric",0.728993186979561,0.8058577405857741,0.7655007949125596
CV,LightGBM,"language_metric,synonym_metric,keywords_metric,author_metric",0.6868055555555556,0.8276150627615063,0.7506641366223908
CV,Neural Net,"language_metric,synonym_metric,keywords_metric,author_metric",0.6479438314944834,0.5405857740585774,0.5894160583941606
Test,Logistic Regression,"language_metric,synonym_metric,keywords_metric,author_metric",0.4797570850202429,0.7926421404682275,0.5977301387137453
Test,Random Forest,"language_metric,synonym_metric,keywords_metric,author_metric",0.8215962441314554,0.5852842809364549,0.68359375
Test,XGBoost,"language_metric,synonym_metric,keywords_metric,author_metric",0.754601226993865,0.822742474916388,0.7872
Test,LightGBM,"language_metric,synonym_metric,keywords_metric,author_metric",0.735632183908046,0.8561872909698997,0.7913446676970634
Test,Neural Net,"language_metric,synonym_metric,keywords_metric,author_metric",0.6980392156862745,0.5953177257525084,0.6425992779783394
CV,Logistic Regression,"name_metric,paragraph_metric,language_metric,synonym_metric,keywords_metric",0.610579628587507,0.9079497907949791,0.7301480484522207
CV,Random Forest,"name_metric,paragraph_metric,language_metric,synonym_metric,keywords_metric",0.8822075782537068,0.896234309623431,0.8891656288916563
CV,XGBoost,"name_metric,paragraph_metric,language_metric,synonym_metric,keywords_metric",0.8729281767955801,0.9255230125523013,0.8984565393988627
CV,LightGBM,"name_metric,paragraph_metric,language_metric,synonym_metric,keywords_metric",0.8625192012288786,0.9397489539748954,0.8994793752503003
CV,Neural Net,"name_metric,paragraph_metric,language_metric,synonym_metric,keywords_metric",0.8470394736842105,0.8619246861924686,0.854417254251348
Test,Logistic Regression,"name_metric,paragraph_metric,language_metric,synonym_metric,keywords_metric",0.6244343891402715,0.9230769230769231,0.7449392712550608
Test,Random Forest,"name_metric,paragraph_metric,language_metric,synonym_metric,keywords_metric",0.8683385579937304,0.9264214046822743,0.8964401294498382
Test,XGBoost,"name_metric,paragraph_metric,language_metric,synonym_metric,keywords_metric",0.8633540372670807,0.9297658862876255,0.895330112721417
Test,LightGBM,"name_metric,paragraph_metric,language_metric,synonym_metric,keywords_metric",0.8473053892215568,0.9464882943143813,0.8941548183254344
Test,Neural Net,"name_metric,paragraph_metric,language_metric,synonym_metric,keywords_metric",0.8107255520504731,0.8595317725752508,0.8344155844155844
CV,Logistic Regression,"name_metric,paragraph_metric,language_metric,synonym_metric,author_metric",0.6387434554973822,0.9188284518828452,0.7536032944406315
CV,Random Forest,"name_metric,paragraph_metric,language_metric,synonym_metric,author_metric",0.8826446280991735,0.8937238493723849,0.8881496881496882
CV,XGBoost,"name_metric,paragraph_metric,language_metric,synonym_metric,author_metric",0.872954014029618,0.9372384937238494,0.903954802259887
CV,LightGBM,"name_metric,paragraph_metric,language_metric,synonym_metric,author_metric",0.8685015290519877,0.9506276150627615,0.9077107471034759
CV,Neural Net,"name_metric,paragraph_metric,language_metric,synonym_metric,author_metric",0.8538775510204082,0.8753138075313808,0.8644628099173554
Test,Logistic Regression,"name_metric,paragraph_metric,language_metric,synonym_metric,author_metric",0.6388888888888888,0.9230769230769231,0.7551299589603283
Test,Random Forest,"name_metric,paragraph_metric,language_metric,synonym_metric,author_metric",0.8910256410256411,0.9297658862876255,0.9099836333878887
Test,XGBoost,"name_metric,paragraph_metric,language_metric,synonym_metric,author_metric",0.8738461538461538,0.9498327759197325,0.9102564102564102
Test,LightGBM,"name_metric,paragraph_metric,language_metric,synonym_metric,author_metric",0.8592814371257484,0.959866220735786,0.9067930489731437
Test,Neural Net,"name_metric,paragraph_metric,language_metric,synonym_metric,author_metric",0.8538205980066446,0.8595317725752508,0.8566666666666667
CV,Logistic Regression,"name_metric,paragraph_metric,language_metric,keywords_metric,author_metric",0.6419392523364486,0.9196652719665271,0.7561059511523908
CV,Random Forest,"name_metric,paragraph_metric,language_metric,keywords_metric,author_metric",0.8520325203252033,0.8769874476987448,0.8643298969072165
CV,XGBoost,"name_metric,paragraph_metric,language_metric,keywords_metric,author_metric",0.8325652841781874,0.907112970711297,0.868241890268322
CV,LightGBM,"name_metric,paragraph_metric,language_metric,keywords_metric,author_metric",0.8332081141998497,0.9280334728033472,0.8780680918448139
CV,Neural Net,"name_metric,paragraph_metric,language_metric,keywords_metric,author_metric",0.8437246963562753,0.8719665271966527,0.8576131687242798
Test,Logistic Regression,"name_metric,paragraph_metric,language_metric,keywords_metric,author_metric",0.6519721577726219,0.939799331103679,0.7698630136986301
Test,Random Forest,"name_metric,paragraph_metric,language_metric,keywords_metric,author_metric",0.8308157099697885,0.919732441471572,0.873015873015873
Test,XGBoost,"name_metric,paragraph_metric,language_metric,keywords_metric,author_metric",0.8148148148148148,0.9565217391304348,0.88
Test,LightGBM,"name_metric,paragraph_metric,language_metric,keywords_metric,author_metric",0.8160919540229885,0.9498327759197325,0.8778979907264297
Test,Neural Net,"name_metric,paragraph_metric,language_metric,keywords_metric,author_metric",0.8284023668639053,0.9364548494983278,0.8791208791208791
CV,Logistic Regression,"name_metric,paragraph_metric,synonym_metric,keywords_metric,author_metric",0.633964429145152,0.9246861924686193,0.7522123893805309
CV,Random Forest,"name_metric,paragraph_metric,synonym_metric,keywords_metric,author_metric",0.8539505187549881,0.895397489539749,0.8741830065359477
CV,XGBoost,"name_metric,paragraph_metric,synonym_metric,keywords_metric,author_metric",0.8547140649149922,0.9255230125523013,0.8887103254319003
CV,LightGBM,"name_metric,paragraph_metric,synonym_metric,keywords_metric,author_metric",0.8395802098950524,0.9372384937238494,0.88572558323448
CV,Neural Net,"name_metric,paragraph_metric,synonym_metric,keywords_metric,author_metric",0.8147859922178988,0.8761506276150628,0.8443548387096774
Test,Logistic Regression,"name_metric,paragraph_metric,synonym_metric,keywords_metric,author_metric",0.6289592760180995,0.9297658862876255,0.7503373819163293
Test,Random Forest,"name_metric,paragraph_metric,synonym_metric,keywords_metric,author_metric",0.8461538461538461,0.919732441471572,0.8814102564102564
Test,XGBoost,"name_metric,paragraph_metric,synonym_metric,keywords_metric,author_metric",0.8445121951219512,0.9264214046822743,0.8835725677830941
Test,LightGBM,"name_metric,paragraph_metric,synonym_metric,keywords_metric,author_metric",0.8284883720930233,0.9531772575250836,0.8864696734059098
Test,Neural Net,"name_metric,paragraph_metric,synonym_metric,keywords_metric,author_metric",0.788135593220339,0.9331103678929766,0.8545176110260337
CV,Logistic Regression,"name_metric,language_metric,synonym_metric,keywords_metric,author_metric",0.6312785388127854,0.9255230125523013,0.7505938242280285
CV,Random Forest,"name_metric,language_metric,synonym_metric,keywords_metric,author_metric",0.8893476465730801,0.901255230125523,0.8952618453865336
CV,XGBoost,"name_metric,language_metric,synonym_metric,keywords_metric,author_metric",0.8809148264984227,0.9347280334728033,0.9070239545269996
CV,LightGBM,"name_metric,language_metric,synonym_metric,keywords_metric,author_metric",0.8684615384615385,0.9447698744769875,0.9050100200400801
CV,Neural Net,"name_metric,language_metric,synonym_metric,keywords_metric,author_metric",0.8357487922705314,0.8686192468619247,0.8518670496512105
Test,Logistic Regression,"name_metric,language_metric,synonym_metric,keywords_metric,author_metric",0.6394557823129252,0.9431438127090301,0.7621621621621621
Test,Random Forest,"name_metric,language_metric,synonym_metric,keywords_metric,author_metric",0.8896321070234113,0.8896321070234113,0.8896321070234113
Test,XGBoost,"name_metric,language_metric,synonym_metric,keywords_metric,author_metric",0.8611111111111112,0.9331103678929766,0.8956661316211878
Test,LightGBM,"name_metric,language_metric,synonym_metric,keywords_metric,author_metric",0.8644578313253012,0.959866220735786,0.9096671949286846
Test,Neural Net,"name_metric,language_metric,synonym_metric,keywords_metric,author_metric",0.8100890207715133,0.9130434782608695,0.8584905660377359
CV,Logistic Regression,"paragraph_metric,language_metric,synonym_metric,keywords_metric,author_metric",0.49717804002052335,0.8108786610878661,0.6164122137404581
CV,Random Forest,"paragraph_metric,language_metric,synonym_metric,keywords_metric,author_metric",0.769656699889258,0.5815899581589958,0.6625357483317446
CV,XGBoost,"paragraph_metric,language_metric,synonym_metric,keywords_metric,author_metric",0.7509727626459144,0.8075313807531381,0.7782258064516129
CV,LightGBM,"paragraph_metric,language_metric,synonym_metric,keywords_metric,author_metric",0.6986591390261115,0.8284518828451883,0.7580398162327718
CV,Neural Net,"paragraph_metric,language_metric,synonym_metric,keywords_metric,author_metric",0.670061099796334,0.5506276150627615,0.6045016077170418
Test,Logistic Regression,"paragraph_metric,language_metric,synonym_metric,keywords_metric,author_metric",0.5182795698924731,0.8060200668896321,0.6308900523560209
Test,Random Forest,"paragraph_metric,language_metric,synonym_metric,keywords_metric,author_metric",0.8060344827586207,0.6254180602006689,0.704331450094162
Test,XGBoost,"paragraph_metric,language_metric,synonym_metric,keywords_metric,author_metric",0.7824773413897281,0.8662207357859532,0.8222222222222222
Test,LightGBM,"paragraph_metric,language_metric,synonym_metric,keywords_metric,author_metric",0.7429378531073446,0.8795986622073578,0.8055130168453293
Test,Neural Net,"paragraph_metric,language_metric,synonym_metric,keywords_metric,author_metric",0.7385892116182573,0.5953177257525084,0.6592592592592592
CV,Logistic Regression,"name_metric,paragraph_metric,language_metric,synonym_metric,keywords_metric,author_metric",0.6447445684086905,0.9188284518828452,0.7577639751552795
CV,Random Forest,"name_metric,paragraph_metric,language_metric,synonym_metric,keywords_metric,author_metric",0.8845836768342952,0.897907949790795,0.8911960132890365
CV,XGBoost,"name_metric,paragraph_metric,language_metric,synonym_metric,keywords_metric,author_metric",0.8780680918448139,0.9280334728033472,0.9023596419853539
CV,LightGBM,"name_metric,paragraph_metric,language_metric,synonym_metric,keywords_metric,author_metric",0.8685847589424572,0.9347280334728033,0.9004433696090286
CV,Neural Net,"name_metric,paragraph_metric,language_metric,synonym_metric,keywords_metric,author_metric",0.8467741935483871,0.8786610878661087,0.8624229979466119
Test,Logistic Regression,"name_metric,paragraph_metric,language_metric,synonym_metric,keywords_metric,author_metric",0.641860465116279,0.9230769230769231,0.757201646090535
Test,Random Forest,"name_metric,paragraph_metric,language_metric,synonym_metric,keywords_metric,author_metric",0.8785942492012779,0.919732441471572,0.8986928104575164
Test,XGBoost,"name_metric,paragraph_metric,language_metric,synonym_metric,keywords_metric,author_metric",0.8823529411764706,0.9531772575250836,0.9163987138263665
Test,LightGBM,"name_metric,paragraph_metric,language_metric,synonym_metric,keywords_metric,author_metric",0.8516320474777448,0.959866220735786,0.9025157232704403
Test,Neural Net,"name_metric,paragraph_metric,language_metric,synonym_metric,keywords_metric,author_metric",0.8205882352941176,0.9331103678929766,0.8732394366197183
